{
    "commit_hash": "024b16b0daa1aa490314c270e2db63ee6963b382", 
    "date": 1449474944000, 
    "params": {
        "Cython": "0.20", 
        "arch": "x86_64", 
        "click": "4.0", 
        "cpu": "Intel(R) Core(TM) i5 CPU         760  @ 2.80GHz", 
        "gdal": "1.11", 
        "machine": "etm", 
        "matplotlib": "1.4.3", 
        "numba": "0.22", 
        "numpy": "1.9", 
        "os": "Linux 4.2.5-1-ARCH", 
        "pandas": "0.16.0", 
        "patsy": "0.3.0", 
        "python": "2.7", 
        "pyyaml": "3.11", 
        "ram": "12267468", 
        "scikit-learn": "0.15", 
        "scipy": "0.14.0", 
        "statsmodels": "0.5.0"
    }, 
    "profiles": {}, 
    "python": "2.7", 
    "requirements": {
        "Cython": "0.20", 
        "click": "4.0", 
        "gdal": "1.11", 
        "matplotlib": "1.4.3", 
        "numba": "0.22", 
        "numpy": "1.9", 
        "pandas": "0.16.0", 
        "patsy": "0.3.0", 
        "pyyaml": "3.11", 
        "scikit-learn": "0.15", 
        "scipy": "0.14.0", 
        "statsmodels": "0.5.0"
    }, 
    "results": {
        "algorithms.ccdc.CCDCesqueLine.time_ccdcesque1": 45.436426769, 
        "algorithms.ccdc.CCDCesqueLine.time_ccdcesque2": 47.561613518, 
        "algorithms.ccdc.CCDCesqueLine.time_ccdcesque3": 61.437536721, 
        "algorithms.ccdc.CCDCesqueLine.time_ccdcesque4": 61.18416808, 
        "algorithms.ccdc.CCDCesquePixel263.time_ccdcesque1": 12.569460481999998, 
        "algorithms.ccdc.CCDCesquePixel263.time_ccdcesque2": 12.619964817, 
        "algorithms.ccdc.CCDCesquePixel263.time_ccdcesque3": 12.592739105, 
        "algorithms.ccdc.CCDCesquePixel263.time_ccdcesque4": 12.662766932
    }, 
    "version": 1
}