{
    "commit_hash": "0d3e60fd522c16384842742aa70870f596f77a08", 
    "date": 1449216392000, 
    "params": {
        "Cython": "0.20", 
        "arch": "x86_64", 
        "click": "4.0", 
        "cpu": "Intel(R) Core(TM) i5 CPU         760  @ 2.80GHz", 
        "gdal": "1.11", 
        "machine": "etm", 
        "matplotlib": "1.4.3", 
        "numba": "0.22", 
        "numpy": "1.9", 
        "os": "Linux 4.2.5-1-ARCH", 
        "pandas": "0.16.0", 
        "patsy": "0.3.0", 
        "python": "2.7", 
        "pyyaml": "3.11", 
        "ram": "12267468", 
        "scikit-learn": "0.15", 
        "scipy": "0.14.0", 
        "statsmodels": "0.5.0"
    }, 
    "profiles": {}, 
    "python": "2.7", 
    "requirements": {
        "Cython": "0.20", 
        "click": "4.0", 
        "gdal": "1.11", 
        "matplotlib": "1.4.3", 
        "numba": "0.22", 
        "numpy": "1.9", 
        "pandas": "0.16.0", 
        "patsy": "0.3.0", 
        "pyyaml": "3.11", 
        "scikit-learn": "0.15", 
        "scipy": "0.14.0", 
        "statsmodels": "0.5.0"
    }, 
    "results": {
        "algorithms.ccdc.CCDCesqueLine.time_ccdcesque1": 86.705344217, 
        "algorithms.ccdc.CCDCesqueLine.time_ccdcesque2": 88.261822025, 
        "algorithms.ccdc.CCDCesqueLine.time_ccdcesque3": 116.884994503, 
        "algorithms.ccdc.CCDCesqueLine.time_ccdcesque4": 116.96104931500001, 
        "algorithms.ccdc.CCDCesquePixel263.time_ccdcesque1": 16.936140804, 
        "algorithms.ccdc.CCDCesquePixel263.time_ccdcesque2": 17.124012031000003, 
        "algorithms.ccdc.CCDCesquePixel263.time_ccdcesque3": 19.189972379, 
        "algorithms.ccdc.CCDCesquePixel263.time_ccdcesque4": 19.159958191999998
    }, 
    "version": 1
}