{
    "commit_hash": "0e4e9f30b6b84bea7f1d599d1ca272913301cb48", 
    "date": 1449447245000, 
    "params": {
        "Cython": "0.20", 
        "arch": "x86_64", 
        "click": "4.0", 
        "cpu": "Intel(R) Core(TM) i5 CPU         760  @ 2.80GHz", 
        "gdal": "1.11", 
        "machine": "etm", 
        "matplotlib": "1.4.3", 
        "numba": "0.22", 
        "numpy": "1.9", 
        "os": "Linux 4.2.5-1-ARCH", 
        "pandas": "0.16.0", 
        "patsy": "0.3.0", 
        "python": "2.7", 
        "pyyaml": "3.11", 
        "ram": "12267468", 
        "scikit-learn": "0.15", 
        "scipy": "0.14.0", 
        "statsmodels": "0.5.0"
    }, 
    "profiles": {}, 
    "python": "2.7", 
    "requirements": {
        "Cython": "0.20", 
        "click": "4.0", 
        "gdal": "1.11", 
        "matplotlib": "1.4.3", 
        "numba": "0.22", 
        "numpy": "1.9", 
        "pandas": "0.16.0", 
        "patsy": "0.3.0", 
        "pyyaml": "3.11", 
        "scikit-learn": "0.15", 
        "scipy": "0.14.0", 
        "statsmodels": "0.5.0"
    }, 
    "results": {
        "algorithms.ccdc.CCDCesqueLine.time_ccdcesque1": 96.563861367, 
        "algorithms.ccdc.CCDCesqueLine.time_ccdcesque2": 97.48413046600001, 
        "algorithms.ccdc.CCDCesqueLine.time_ccdcesque3": 126.08002785199999, 
        "algorithms.ccdc.CCDCesqueLine.time_ccdcesque4": 126.138627977, 
        "algorithms.ccdc.CCDCesquePixel263.time_ccdcesque1": 18.287539249, 
        "algorithms.ccdc.CCDCesquePixel263.time_ccdcesque2": 18.500745529, 
        "algorithms.ccdc.CCDCesquePixel263.time_ccdcesque3": 21.468360049, 
        "algorithms.ccdc.CCDCesquePixel263.time_ccdcesque4": 21.608987175
    }, 
    "version": 1
}