{
    "commit_hash": "1fc48481435373c376daf46815a8d417b430a1ab", 
    "date": 1446734809000, 
    "params": {
        "Cython": "0.20", 
        "arch": "x86_64", 
        "click": "4.0", 
        "cpu": "Intel(R) Core(TM) i5 CPU         760  @ 2.80GHz", 
        "gdal": "1.11", 
        "machine": "etm", 
        "matplotlib": "1.4.3", 
        "numba": "0.22", 
        "numpy": "1.9", 
        "os": "Linux 4.2.5-1-ARCH", 
        "pandas": "0.16.0", 
        "patsy": "0.3.0", 
        "python": "2.7", 
        "pyyaml": "3.11", 
        "ram": "12267468", 
        "scikit-learn": "0.15", 
        "scipy": "0.14.0", 
        "statsmodels": "0.5.0"
    }, 
    "profiles": {}, 
    "python": "2.7", 
    "requirements": {
        "Cython": "0.20", 
        "click": "4.0", 
        "gdal": "1.11", 
        "matplotlib": "1.4.3", 
        "numba": "0.22", 
        "numpy": "1.9", 
        "pandas": "0.16.0", 
        "patsy": "0.3.0", 
        "pyyaml": "3.11", 
        "scikit-learn": "0.15", 
        "scipy": "0.14.0", 
        "statsmodels": "0.5.0"
    }, 
    "results": {
        "algorithms.ccdc.CCDCesqueLine.time_ccdcesque1": 101.11881444, 
        "algorithms.ccdc.CCDCesqueLine.time_ccdcesque2": 102.77945336500001, 
        "algorithms.ccdc.CCDCesqueLine.time_ccdcesque3": 130.325994609, 
        "algorithms.ccdc.CCDCesqueLine.time_ccdcesque4": 130.47907118, 
        "algorithms.ccdc.CCDCesquePixel263.time_ccdcesque1": 18.893723948999998, 
        "algorithms.ccdc.CCDCesquePixel263.time_ccdcesque2": 19.012398472, 
        "algorithms.ccdc.CCDCesquePixel263.time_ccdcesque3": 21.365591335, 
        "algorithms.ccdc.CCDCesquePixel263.time_ccdcesque4": 21.369925175000002
    }, 
    "version": 1
}