{
    "commit_hash": "20386873add616c57817864a17e19926d51a4732", 
    "date": 1447878244000, 
    "params": {
        "Cython": "0.20", 
        "arch": "x86_64", 
        "click": "4.0", 
        "cpu": "Intel(R) Core(TM) i5 CPU         760  @ 2.80GHz", 
        "gdal": "1.11", 
        "machine": "etm", 
        "matplotlib": "1.4.3", 
        "numba": "0.22", 
        "numpy": "1.9", 
        "os": "Linux 4.2.5-1-ARCH", 
        "pandas": "0.16.0", 
        "patsy": "0.3.0", 
        "python": "2.7", 
        "pyyaml": "3.11", 
        "ram": "12267468", 
        "scikit-learn": "0.15", 
        "scipy": "0.14.0", 
        "statsmodels": "0.5.0"
    }, 
    "profiles": {}, 
    "python": "2.7", 
    "requirements": {
        "Cython": "0.20", 
        "click": "4.0", 
        "gdal": "1.11", 
        "matplotlib": "1.4.3", 
        "numba": "0.22", 
        "numpy": "1.9", 
        "pandas": "0.16.0", 
        "patsy": "0.3.0", 
        "pyyaml": "3.11", 
        "scikit-learn": "0.15", 
        "scipy": "0.14.0", 
        "statsmodels": "0.5.0"
    }, 
    "results": {
        "algorithms.ccdc.CCDCesqueLine.time_ccdcesque1": 101.552497277, 
        "algorithms.ccdc.CCDCesqueLine.time_ccdcesque2": 102.586809699, 
        "algorithms.ccdc.CCDCesqueLine.time_ccdcesque3": 130.26954715899998, 
        "algorithms.ccdc.CCDCesqueLine.time_ccdcesque4": 131.00875734099998, 
        "algorithms.ccdc.CCDCesquePixel263.time_ccdcesque1": 18.914229711, 
        "algorithms.ccdc.CCDCesquePixel263.time_ccdcesque2": 18.971219852, 
        "algorithms.ccdc.CCDCesquePixel263.time_ccdcesque3": 21.34292889, 
        "algorithms.ccdc.CCDCesquePixel263.time_ccdcesque4": 21.381687573
    }, 
    "version": 1
}