{
    "commit_hash": "22cf509eff036db3ce0e59805c9dba8b6813de3a", 
    "date": 1448507213000, 
    "params": {
        "Cython": "0.20", 
        "arch": "x86_64", 
        "click": "4.0", 
        "cpu": "Intel(R) Core(TM) i5 CPU         760  @ 2.80GHz", 
        "gdal": "1.11", 
        "machine": "etm", 
        "matplotlib": "1.4.3", 
        "numba": "0.22", 
        "numpy": "1.9", 
        "os": "Linux 4.2.5-1-ARCH", 
        "pandas": "0.16.0", 
        "patsy": "0.3.0", 
        "python": "2.7", 
        "pyyaml": "3.11", 
        "ram": "12267468", 
        "scikit-learn": "0.15", 
        "scipy": "0.14.0", 
        "statsmodels": "0.5.0"
    }, 
    "profiles": {}, 
    "python": "2.7", 
    "requirements": {
        "Cython": "0.20", 
        "click": "4.0", 
        "gdal": "1.11", 
        "matplotlib": "1.4.3", 
        "numba": "0.22", 
        "numpy": "1.9", 
        "pandas": "0.16.0", 
        "patsy": "0.3.0", 
        "pyyaml": "3.11", 
        "scikit-learn": "0.15", 
        "scipy": "0.14.0", 
        "statsmodels": "0.5.0"
    }, 
    "results": {
        "algorithms.ccdc.CCDCesqueLine.time_ccdcesque1": 84.03610188200001, 
        "algorithms.ccdc.CCDCesqueLine.time_ccdcesque2": 87.401400442, 
        "algorithms.ccdc.CCDCesqueLine.time_ccdcesque3": 115.987244141, 
        "algorithms.ccdc.CCDCesqueLine.time_ccdcesque4": 116.97367598800001, 
        "algorithms.ccdc.CCDCesquePixel263.time_ccdcesque1": 16.781242293000002, 
        "algorithms.ccdc.CCDCesquePixel263.time_ccdcesque2": 16.851304344, 
        "algorithms.ccdc.CCDCesquePixel263.time_ccdcesque3": 19.136225876, 
        "algorithms.ccdc.CCDCesquePixel263.time_ccdcesque4": 19.146821738
    }, 
    "version": 1
}