{
    "commit_hash": "29ddd4c0da29904b49fca7e452ee23ca1f938261", 
    "date": 1449434465000, 
    "params": {
        "Cython": "0.20", 
        "arch": "x86_64", 
        "click": "4.0", 
        "cpu": "Intel(R) Core(TM) i5 CPU         760  @ 2.80GHz", 
        "gdal": "1.11", 
        "machine": "etm", 
        "matplotlib": "1.4.3", 
        "numba": "0.22", 
        "numpy": "1.9", 
        "os": "Linux 4.2.5-1-ARCH", 
        "pandas": "0.16.0", 
        "patsy": "0.3.0", 
        "python": "2.7", 
        "pyyaml": "3.11", 
        "ram": "12267468", 
        "scikit-learn": "0.15", 
        "scipy": "0.14.0", 
        "statsmodels": "0.5.0"
    }, 
    "profiles": {}, 
    "python": "2.7", 
    "requirements": {
        "Cython": "0.20", 
        "click": "4.0", 
        "gdal": "1.11", 
        "matplotlib": "1.4.3", 
        "numba": "0.22", 
        "numpy": "1.9", 
        "pandas": "0.16.0", 
        "patsy": "0.3.0", 
        "pyyaml": "3.11", 
        "scikit-learn": "0.15", 
        "scipy": "0.14.0", 
        "statsmodels": "0.5.0"
    }, 
    "results": {
        "algorithms.ccdc.CCDCesqueLine.time_ccdcesque1": 95.247448057, 
        "algorithms.ccdc.CCDCesqueLine.time_ccdcesque2": 97.134997041, 
        "algorithms.ccdc.CCDCesqueLine.time_ccdcesque3": 126.607671849, 
        "algorithms.ccdc.CCDCesqueLine.time_ccdcesque4": 125.71319673100001, 
        "algorithms.ccdc.CCDCesquePixel263.time_ccdcesque1": 18.021578082, 
        "algorithms.ccdc.CCDCesquePixel263.time_ccdcesque2": 18.081493139000003, 
        "algorithms.ccdc.CCDCesquePixel263.time_ccdcesque3": 20.993617165, 
        "algorithms.ccdc.CCDCesquePixel263.time_ccdcesque4": 20.930155156999998
    }, 
    "version": 1
}