{
    "commit_hash": "30040764f11d6ac03671ad124fafc05639a922be", 
    "date": 1449438458000, 
    "params": {
        "Cython": "0.20", 
        "arch": "x86_64", 
        "click": "4.0", 
        "cpu": "Intel(R) Core(TM) i5 CPU         760  @ 2.80GHz", 
        "gdal": "1.11", 
        "machine": "etm", 
        "matplotlib": "1.4.3", 
        "numba": "0.22", 
        "numpy": "1.9", 
        "os": "Linux 4.2.5-1-ARCH", 
        "pandas": "0.16.0", 
        "patsy": "0.3.0", 
        "python": "2.7", 
        "pyyaml": "3.11", 
        "ram": "12267468", 
        "scikit-learn": "0.15", 
        "scipy": "0.14.0", 
        "statsmodels": "0.5.0"
    }, 
    "profiles": {}, 
    "python": "2.7", 
    "requirements": {
        "Cython": "0.20", 
        "click": "4.0", 
        "gdal": "1.11", 
        "matplotlib": "1.4.3", 
        "numba": "0.22", 
        "numpy": "1.9", 
        "pandas": "0.16.0", 
        "patsy": "0.3.0", 
        "pyyaml": "3.11", 
        "scikit-learn": "0.15", 
        "scipy": "0.14.0", 
        "statsmodels": "0.5.0"
    }, 
    "results": {
        "algorithms.ccdc.CCDCesqueLine.time_ccdcesque1": 95.833959724, 
        "algorithms.ccdc.CCDCesqueLine.time_ccdcesque2": 97.46883186000001, 
        "algorithms.ccdc.CCDCesqueLine.time_ccdcesque3": 125.610338389, 
        "algorithms.ccdc.CCDCesqueLine.time_ccdcesque4": 124.48047211400001, 
        "algorithms.ccdc.CCDCesquePixel263.time_ccdcesque1": 17.730778145, 
        "algorithms.ccdc.CCDCesquePixel263.time_ccdcesque2": 18.001871376, 
        "algorithms.ccdc.CCDCesquePixel263.time_ccdcesque3": 20.892351177000002, 
        "algorithms.ccdc.CCDCesquePixel263.time_ccdcesque4": 20.692022269
    }, 
    "version": 1
}