{
    "commit_hash": "3733d5b300798b3cd454e8cbbc4bd0c852b6db9e", 
    "date": 1447181262000, 
    "params": {
        "Cython": "0.20", 
        "arch": "x86_64", 
        "click": "4.0", 
        "cpu": "Intel(R) Core(TM) i5 CPU         760  @ 2.80GHz", 
        "gdal": "1.11", 
        "machine": "etm", 
        "matplotlib": "1.4.3", 
        "numba": "0.22", 
        "numpy": "1.9", 
        "os": "Linux 4.2.5-1-ARCH", 
        "pandas": "0.16.0", 
        "patsy": "0.3.0", 
        "python": "2.7", 
        "pyyaml": "3.11", 
        "ram": "12267468", 
        "scikit-learn": "0.15", 
        "scipy": "0.14.0", 
        "statsmodels": "0.5.0"
    }, 
    "profiles": {}, 
    "python": "2.7", 
    "requirements": {
        "Cython": "0.20", 
        "click": "4.0", 
        "gdal": "1.11", 
        "matplotlib": "1.4.3", 
        "numba": "0.22", 
        "numpy": "1.9", 
        "pandas": "0.16.0", 
        "patsy": "0.3.0", 
        "pyyaml": "3.11", 
        "scikit-learn": "0.15", 
        "scipy": "0.14.0", 
        "statsmodels": "0.5.0"
    }, 
    "results": {
        "algorithms.ccdc.CCDCesqueLine.time_ccdcesque1": 100.98273519899999, 
        "algorithms.ccdc.CCDCesqueLine.time_ccdcesque2": 102.915007353, 
        "algorithms.ccdc.CCDCesqueLine.time_ccdcesque3": 130.191410359, 
        "algorithms.ccdc.CCDCesqueLine.time_ccdcesque4": 130.044146339, 
        "algorithms.ccdc.CCDCesquePixel263.time_ccdcesque1": 19.039375995, 
        "algorithms.ccdc.CCDCesquePixel263.time_ccdcesque2": 19.106907672, 
        "algorithms.ccdc.CCDCesquePixel263.time_ccdcesque3": 21.369815763, 
        "algorithms.ccdc.CCDCesquePixel263.time_ccdcesque4": 21.45812025
    }, 
    "version": 1
}