{
    "commit_hash": "4ac359fddc38c6ae52e3334f0f93d5393b047ddd", 
    "date": 1449140053000, 
    "params": {
        "Cython": "0.20", 
        "arch": "x86_64", 
        "click": "4.0", 
        "cpu": "Intel(R) Core(TM) i5 CPU         760  @ 2.80GHz", 
        "gdal": "1.11", 
        "machine": "etm", 
        "matplotlib": "1.4.3", 
        "numba": "0.22", 
        "numpy": "1.9", 
        "os": "Linux 4.2.5-1-ARCH", 
        "pandas": "0.16.0", 
        "patsy": "0.3.0", 
        "python": "2.7", 
        "pyyaml": "3.11", 
        "ram": "12267468", 
        "scikit-learn": "0.15", 
        "scipy": "0.14.0", 
        "statsmodels": "0.5.0"
    }, 
    "profiles": {}, 
    "python": "2.7", 
    "requirements": {
        "Cython": "0.20", 
        "click": "4.0", 
        "gdal": "1.11", 
        "matplotlib": "1.4.3", 
        "numba": "0.22", 
        "numpy": "1.9", 
        "pandas": "0.16.0", 
        "patsy": "0.3.0", 
        "pyyaml": "3.11", 
        "scikit-learn": "0.15", 
        "scipy": "0.14.0", 
        "statsmodels": "0.5.0"
    }, 
    "results": {
        "algorithms.ccdc.CCDCesqueLine.time_ccdcesque1": 86.658235314, 
        "algorithms.ccdc.CCDCesqueLine.time_ccdcesque2": 89.96625064700001, 
        "algorithms.ccdc.CCDCesqueLine.time_ccdcesque3": 117.551902149, 
        "algorithms.ccdc.CCDCesqueLine.time_ccdcesque4": 116.20510839900001, 
        "algorithms.ccdc.CCDCesquePixel263.time_ccdcesque1": 16.875512103, 
        "algorithms.ccdc.CCDCesquePixel263.time_ccdcesque2": 17.046701669, 
        "algorithms.ccdc.CCDCesquePixel263.time_ccdcesque3": 19.178877511, 
        "algorithms.ccdc.CCDCesquePixel263.time_ccdcesque4": 19.213422129
    }, 
    "version": 1
}