{
    "commit_hash": "53397e0e35fef8997463c9cf4df9a094d5b50c87", 
    "date": 1449601080000, 
    "params": {
        "Cython": "0.20", 
        "arch": "x86_64", 
        "click": "4.0", 
        "cpu": "Intel(R) Core(TM) i5 CPU         760  @ 2.80GHz", 
        "gdal": "1.11", 
        "machine": "etm", 
        "matplotlib": "1.4.3", 
        "numba": "0.22", 
        "numpy": "1.9", 
        "os": "Linux 4.2.5-1-ARCH", 
        "pandas": "0.16.0", 
        "patsy": "0.3.0", 
        "python": "2.7", 
        "pyyaml": "3.11", 
        "ram": "12267468", 
        "scikit-learn": "0.15", 
        "scipy": "0.14.0", 
        "statsmodels": "0.5.0"
    }, 
    "profiles": {}, 
    "python": "2.7", 
    "requirements": {
        "Cython": "0.20", 
        "click": "4.0", 
        "gdal": "1.11", 
        "matplotlib": "1.4.3", 
        "numba": "0.22", 
        "numpy": "1.9", 
        "pandas": "0.16.0", 
        "patsy": "0.3.0", 
        "pyyaml": "3.11", 
        "scikit-learn": "0.15", 
        "scipy": "0.14.0", 
        "statsmodels": "0.5.0"
    }, 
    "results": {
        "algorithms.ccdc.CCDCesqueLine.time_ccdcesque1": 45.606756917, 
        "algorithms.ccdc.CCDCesqueLine.time_ccdcesque2": 47.860961664, 
        "algorithms.ccdc.CCDCesqueLine.time_ccdcesque3": 61.535450318, 
        "algorithms.ccdc.CCDCesqueLine.time_ccdcesque4": 61.283295337000006, 
        "algorithms.ccdc.CCDCesquePixel263.time_ccdcesque1": 12.537888537999999, 
        "algorithms.ccdc.CCDCesquePixel263.time_ccdcesque2": 12.635244145, 
        "algorithms.ccdc.CCDCesquePixel263.time_ccdcesque3": 12.604499821, 
        "algorithms.ccdc.CCDCesquePixel263.time_ccdcesque4": 12.637734335000001
    }, 
    "version": 1
}