{
    "commit_hash": "5f8a667d11336af8e1208a3d4c7cb768b0a391f1", 
    "date": 1449474673000, 
    "params": {
        "Cython": "0.20", 
        "arch": "x86_64", 
        "click": "4.0", 
        "cpu": "Intel(R) Core(TM) i5 CPU         760  @ 2.80GHz", 
        "gdal": "1.11", 
        "machine": "etm", 
        "matplotlib": "1.4.3", 
        "numba": "0.22", 
        "numpy": "1.9", 
        "os": "Linux 4.2.5-1-ARCH", 
        "pandas": "0.16.0", 
        "patsy": "0.3.0", 
        "python": "2.7", 
        "pyyaml": "3.11", 
        "ram": "12267468", 
        "scikit-learn": "0.15", 
        "scipy": "0.14.0", 
        "statsmodels": "0.5.0"
    }, 
    "profiles": {}, 
    "python": "2.7", 
    "requirements": {
        "Cython": "0.20", 
        "click": "4.0", 
        "gdal": "1.11", 
        "matplotlib": "1.4.3", 
        "numba": "0.22", 
        "numpy": "1.9", 
        "pandas": "0.16.0", 
        "patsy": "0.3.0", 
        "pyyaml": "3.11", 
        "scikit-learn": "0.15", 
        "scipy": "0.14.0", 
        "statsmodels": "0.5.0"
    }, 
    "results": {
        "algorithms.ccdc.CCDCesqueLine.time_ccdcesque1": 45.237956078, 
        "algorithms.ccdc.CCDCesqueLine.time_ccdcesque2": 47.326497117, 
        "algorithms.ccdc.CCDCesqueLine.time_ccdcesque3": 61.597804946000004, 
        "algorithms.ccdc.CCDCesqueLine.time_ccdcesque4": 61.043373061000004, 
        "algorithms.ccdc.CCDCesquePixel263.time_ccdcesque1": 12.457935084999999, 
        "algorithms.ccdc.CCDCesquePixel263.time_ccdcesque2": 12.439200626, 
        "algorithms.ccdc.CCDCesquePixel263.time_ccdcesque3": 12.45323047, 
        "algorithms.ccdc.CCDCesquePixel263.time_ccdcesque4": 12.477247269000001
    }, 
    "version": 1
}