{
    "commit_hash": "61372747592c80b5fcf08b8a4f2df9fcba9e12cb", 
    "date": 1449632903000, 
    "params": {
        "Cython": "0.20", 
        "arch": "x86_64", 
        "click": "4.0", 
        "cpu": "Intel(R) Core(TM) i5 CPU         760  @ 2.80GHz", 
        "gdal": "1.11", 
        "machine": "etm", 
        "matplotlib": "1.4.3", 
        "numba": "0.22", 
        "numpy": "1.9", 
        "os": "Linux 4.2.5-1-ARCH", 
        "pandas": "0.16.0", 
        "patsy": "0.3.0", 
        "python": "2.7", 
        "pyyaml": "3.11", 
        "ram": "12267468", 
        "scikit-learn": "0.15", 
        "scipy": "0.14.0", 
        "statsmodels": "0.5.0"
    }, 
    "profiles": {}, 
    "python": "2.7", 
    "requirements": {
        "Cython": "0.20", 
        "click": "4.0", 
        "gdal": "1.11", 
        "matplotlib": "1.4.3", 
        "numba": "0.22", 
        "numpy": "1.9", 
        "pandas": "0.16.0", 
        "patsy": "0.3.0", 
        "pyyaml": "3.11", 
        "scikit-learn": "0.15", 
        "scipy": "0.14.0", 
        "statsmodels": "0.5.0"
    }, 
    "results": {
        "algorithms.ccdc.CCDCesqueLine.time_ccdcesque1": 45.629823183, 
        "algorithms.ccdc.CCDCesqueLine.time_ccdcesque2": 47.894124559, 
        "algorithms.ccdc.CCDCesqueLine.time_ccdcesque3": 61.512485444000006, 
        "algorithms.ccdc.CCDCesqueLine.time_ccdcesque4": 61.257457006, 
        "algorithms.ccdc.CCDCesquePixel263.time_ccdcesque1": 12.519723844, 
        "algorithms.ccdc.CCDCesquePixel263.time_ccdcesque2": 12.650616109000001, 
        "algorithms.ccdc.CCDCesquePixel263.time_ccdcesque3": 12.651678142, 
        "algorithms.ccdc.CCDCesquePixel263.time_ccdcesque4": 12.607599387
    }, 
    "version": 1
}