{
    "commit_hash": "6bf00ff33083418003755d7e4b2ee21ce949d239", 
    "date": 1449474610000, 
    "params": {
        "Cython": "0.20", 
        "arch": "x86_64", 
        "click": "4.0", 
        "cpu": "Intel(R) Core(TM) i5 CPU         760  @ 2.80GHz", 
        "gdal": "1.11", 
        "machine": "etm", 
        "matplotlib": "1.4.3", 
        "numba": "0.22", 
        "numpy": "1.9", 
        "os": "Linux 4.2.5-1-ARCH", 
        "pandas": "0.16.0", 
        "patsy": "0.3.0", 
        "python": "2.7", 
        "pyyaml": "3.11", 
        "ram": "12267468", 
        "scikit-learn": "0.15", 
        "scipy": "0.14.0", 
        "statsmodels": "0.5.0"
    }, 
    "profiles": {}, 
    "python": "2.7", 
    "requirements": {
        "Cython": "0.20", 
        "click": "4.0", 
        "gdal": "1.11", 
        "matplotlib": "1.4.3", 
        "numba": "0.22", 
        "numpy": "1.9", 
        "pandas": "0.16.0", 
        "patsy": "0.3.0", 
        "pyyaml": "3.11", 
        "scikit-learn": "0.15", 
        "scipy": "0.14.0", 
        "statsmodels": "0.5.0"
    }, 
    "results": {
        "algorithms.ccdc.CCDCesqueLine.time_ccdcesque1": 48.77139755100001, 
        "algorithms.ccdc.CCDCesqueLine.time_ccdcesque2": 51.162763661, 
        "algorithms.ccdc.CCDCesqueLine.time_ccdcesque3": 70.842425815, 
        "algorithms.ccdc.CCDCesqueLine.time_ccdcesque4": 70.76368263399999, 
        "algorithms.ccdc.CCDCesquePixel263.time_ccdcesque1": 12.641146289, 
        "algorithms.ccdc.CCDCesquePixel263.time_ccdcesque2": 12.718824199, 
        "algorithms.ccdc.CCDCesquePixel263.time_ccdcesque3": 13.648099786, 
        "algorithms.ccdc.CCDCesquePixel263.time_ccdcesque4": 13.611802757
    }, 
    "version": 1
}