{
    "commit_hash": "7b92912387eaeca125cdd65f585e0c905dc76f85", 
    "date": 1449445775000, 
    "params": {
        "Cython": "0.20", 
        "arch": "x86_64", 
        "click": "4.0", 
        "cpu": "Intel(R) Core(TM) i5 CPU         760  @ 2.80GHz", 
        "gdal": "1.11", 
        "machine": "etm", 
        "matplotlib": "1.4.3", 
        "numba": "0.22", 
        "numpy": "1.9", 
        "os": "Linux 4.2.5-1-ARCH", 
        "pandas": "0.16.0", 
        "patsy": "0.3.0", 
        "python": "2.7", 
        "pyyaml": "3.11", 
        "ram": "12267468", 
        "scikit-learn": "0.15", 
        "scipy": "0.14.0", 
        "statsmodels": "0.5.0"
    }, 
    "profiles": {}, 
    "python": "2.7", 
    "requirements": {
        "Cython": "0.20", 
        "click": "4.0", 
        "gdal": "1.11", 
        "matplotlib": "1.4.3", 
        "numba": "0.22", 
        "numpy": "1.9", 
        "pandas": "0.16.0", 
        "patsy": "0.3.0", 
        "pyyaml": "3.11", 
        "scikit-learn": "0.15", 
        "scipy": "0.14.0", 
        "statsmodels": "0.5.0"
    }, 
    "results": {
        "algorithms.ccdc.CCDCesqueLine.time_ccdcesque1": 96.319500344, 
        "algorithms.ccdc.CCDCesqueLine.time_ccdcesque2": 97.09515407999999, 
        "algorithms.ccdc.CCDCesqueLine.time_ccdcesque3": 122.635965242, 
        "algorithms.ccdc.CCDCesqueLine.time_ccdcesque4": 125.64081137500001, 
        "algorithms.ccdc.CCDCesquePixel263.time_ccdcesque1": 18.396307333, 
        "algorithms.ccdc.CCDCesquePixel263.time_ccdcesque2": 18.431978518999998, 
        "algorithms.ccdc.CCDCesquePixel263.time_ccdcesque3": 21.479681625999998, 
        "algorithms.ccdc.CCDCesquePixel263.time_ccdcesque4": 21.594255832
    }, 
    "version": 1
}