{
    "commit_hash": "8b6db33d55d21e599794dc8361df2d060cf2e826", 
    "date": 1449694154000, 
    "params": {
        "Cython": "0.20", 
        "arch": "x86_64", 
        "click": "4.0", 
        "cpu": "Intel(R) Core(TM) i5 CPU         760  @ 2.80GHz", 
        "gdal": "1.11", 
        "machine": "etm", 
        "matplotlib": "1.4.3", 
        "numba": "0.22", 
        "numpy": "1.9", 
        "os": "Linux 4.2.5-1-ARCH", 
        "pandas": "0.16.0", 
        "patsy": "0.3.0", 
        "python": "2.7", 
        "pyyaml": "3.11", 
        "ram": "12267468", 
        "scikit-learn": "0.15", 
        "scipy": "0.14.0", 
        "statsmodels": "0.5.0"
    }, 
    "profiles": {}, 
    "python": "2.7", 
    "requirements": {
        "Cython": "0.20", 
        "click": "4.0", 
        "gdal": "1.11", 
        "matplotlib": "1.4.3", 
        "numba": "0.22", 
        "numpy": "1.9", 
        "pandas": "0.16.0", 
        "patsy": "0.3.0", 
        "pyyaml": "3.11", 
        "scikit-learn": "0.15", 
        "scipy": "0.14.0", 
        "statsmodels": "0.5.0"
    }, 
    "results": {
        "algorithms.ccdc.CCDCesqueLine.time_ccdcesque1": 45.503006333, 
        "algorithms.ccdc.CCDCesqueLine.time_ccdcesque2": 47.908049745999996, 
        "algorithms.ccdc.CCDCesqueLine.time_ccdcesque3": 61.303341013, 
        "algorithms.ccdc.CCDCesqueLine.time_ccdcesque4": 61.38830999699999, 
        "algorithms.ccdc.CCDCesquePixel263.time_ccdcesque1": 12.569652116, 
        "algorithms.ccdc.CCDCesquePixel263.time_ccdcesque2": 12.618070722, 
        "algorithms.ccdc.CCDCesquePixel263.time_ccdcesque3": 12.605062272000001, 
        "algorithms.ccdc.CCDCesquePixel263.time_ccdcesque4": 12.694727942
    }, 
    "version": 1
}