{
    "commit_hash": "8fbf5960b8e357bbdf6bd3663b654ae229cae49a", 
    "date": 1449292195000, 
    "params": {
        "Cython": "0.20", 
        "arch": "x86_64", 
        "click": "4.0", 
        "cpu": "Intel(R) Core(TM) i5 CPU         760  @ 2.80GHz", 
        "gdal": "1.11", 
        "machine": "etm", 
        "matplotlib": "1.4.3", 
        "numba": "0.22", 
        "numpy": "1.9", 
        "os": "Linux 4.2.5-1-ARCH", 
        "pandas": "0.16.0", 
        "patsy": "0.3.0", 
        "python": "2.7", 
        "pyyaml": "3.11", 
        "ram": "12267468", 
        "scikit-learn": "0.15", 
        "scipy": "0.14.0", 
        "statsmodels": "0.5.0"
    }, 
    "profiles": {}, 
    "python": "2.7", 
    "requirements": {
        "Cython": "0.20", 
        "click": "4.0", 
        "gdal": "1.11", 
        "matplotlib": "1.4.3", 
        "numba": "0.22", 
        "numpy": "1.9", 
        "pandas": "0.16.0", 
        "patsy": "0.3.0", 
        "pyyaml": "3.11", 
        "scikit-learn": "0.15", 
        "scipy": "0.14.0", 
        "statsmodels": "0.5.0"
    }, 
    "results": {
        "algorithms.ccdc.CCDCesqueLine.time_ccdcesque1": 86.06065545700001, 
        "algorithms.ccdc.CCDCesqueLine.time_ccdcesque2": 86.963690264, 
        "algorithms.ccdc.CCDCesqueLine.time_ccdcesque3": 115.641111658, 
        "algorithms.ccdc.CCDCesqueLine.time_ccdcesque4": 115.222581501, 
        "algorithms.ccdc.CCDCesquePixel263.time_ccdcesque1": 16.703939470999998, 
        "algorithms.ccdc.CCDCesquePixel263.time_ccdcesque2": 16.717485725000003, 
        "algorithms.ccdc.CCDCesquePixel263.time_ccdcesque3": 19.527698356000002, 
        "algorithms.ccdc.CCDCesquePixel263.time_ccdcesque4": 19.57702223
    }, 
    "version": 1
}