{
    "commit_hash": "966edd8b4a95e3c19d677eb71e2b76a155911d88", 
    "date": 1447877634000, 
    "params": {
        "Cython": "0.20", 
        "arch": "x86_64", 
        "click": "4.0", 
        "cpu": "Intel(R) Core(TM) i5 CPU         760  @ 2.80GHz", 
        "gdal": "1.11", 
        "machine": "etm", 
        "matplotlib": "1.4.3", 
        "numba": "0.22", 
        "numpy": "1.9", 
        "os": "Linux 4.2.5-1-ARCH", 
        "pandas": "0.16.0", 
        "patsy": "0.3.0", 
        "python": "2.7", 
        "pyyaml": "3.11", 
        "ram": "12267468", 
        "scikit-learn": "0.15", 
        "scipy": "0.14.0", 
        "statsmodels": "0.5.0"
    }, 
    "profiles": {}, 
    "python": "2.7", 
    "requirements": {
        "Cython": "0.20", 
        "click": "4.0", 
        "gdal": "1.11", 
        "matplotlib": "1.4.3", 
        "numba": "0.22", 
        "numpy": "1.9", 
        "pandas": "0.16.0", 
        "patsy": "0.3.0", 
        "pyyaml": "3.11", 
        "scikit-learn": "0.15", 
        "scipy": "0.14.0", 
        "statsmodels": "0.5.0"
    }, 
    "results": {
        "algorithms.ccdc.CCDCesqueLine.time_ccdcesque1": 100.29600180599999, 
        "algorithms.ccdc.CCDCesqueLine.time_ccdcesque2": 103.239259355, 
        "algorithms.ccdc.CCDCesqueLine.time_ccdcesque3": 130.734946082, 
        "algorithms.ccdc.CCDCesqueLine.time_ccdcesque4": 128.594448382, 
        "algorithms.ccdc.CCDCesquePixel263.time_ccdcesque1": 18.97232309, 
        "algorithms.ccdc.CCDCesquePixel263.time_ccdcesque2": 19.047029184000003, 
        "algorithms.ccdc.CCDCesquePixel263.time_ccdcesque3": 21.356857254999998, 
        "algorithms.ccdc.CCDCesquePixel263.time_ccdcesque4": 21.36466676
    }, 
    "version": 1
}