{
    "commit_hash": "9ab2ead130619867b017beee9e1f4db5cf17aea1", 
    "date": 1448414236000, 
    "params": {
        "Cython": "0.20", 
        "arch": "x86_64", 
        "click": "4.0", 
        "cpu": "Intel(R) Core(TM) i5 CPU         760  @ 2.80GHz", 
        "gdal": "1.11", 
        "machine": "etm", 
        "matplotlib": "1.4.3", 
        "numba": "0.22", 
        "numpy": "1.9", 
        "os": "Linux 4.2.5-1-ARCH", 
        "pandas": "0.16.0", 
        "patsy": "0.3.0", 
        "python": "2.7", 
        "pyyaml": "3.11", 
        "ram": "12267468", 
        "scikit-learn": "0.15", 
        "scipy": "0.14.0", 
        "statsmodels": "0.5.0"
    }, 
    "profiles": {}, 
    "python": "2.7", 
    "requirements": {
        "Cython": "0.20", 
        "click": "4.0", 
        "gdal": "1.11", 
        "matplotlib": "1.4.3", 
        "numba": "0.22", 
        "numpy": "1.9", 
        "pandas": "0.16.0", 
        "patsy": "0.3.0", 
        "pyyaml": "3.11", 
        "scikit-learn": "0.15", 
        "scipy": "0.14.0", 
        "statsmodels": "0.5.0"
    }, 
    "results": {
        "algorithms.ccdc.CCDCesqueLine.time_ccdcesque1": 100.857728506, 
        "algorithms.ccdc.CCDCesqueLine.time_ccdcesque2": 103.600048246, 
        "algorithms.ccdc.CCDCesqueLine.time_ccdcesque3": 129.71422213, 
        "algorithms.ccdc.CCDCesqueLine.time_ccdcesque4": 129.665526232, 
        "algorithms.ccdc.CCDCesquePixel263.time_ccdcesque1": 18.950025644, 
        "algorithms.ccdc.CCDCesquePixel263.time_ccdcesque2": 18.92745079, 
        "algorithms.ccdc.CCDCesquePixel263.time_ccdcesque3": 21.419600703, 
        "algorithms.ccdc.CCDCesquePixel263.time_ccdcesque4": 21.518598208
    }, 
    "version": 1
}