{
    "commit_hash": "9d49d737316b34d2465b18db55647d7104d17758", 
    "date": 1448413724000, 
    "params": {
        "Cython": "0.20", 
        "arch": "x86_64", 
        "click": "4.0", 
        "cpu": "Intel(R) Core(TM) i5 CPU         760  @ 2.80GHz", 
        "gdal": "1.11", 
        "machine": "etm", 
        "matplotlib": "1.4.3", 
        "numba": "0.22", 
        "numpy": "1.9", 
        "os": "Linux 4.2.5-1-ARCH", 
        "pandas": "0.16.0", 
        "patsy": "0.3.0", 
        "python": "2.7", 
        "pyyaml": "3.11", 
        "ram": "12267468", 
        "scikit-learn": "0.15", 
        "scipy": "0.14.0", 
        "statsmodels": "0.5.0"
    }, 
    "profiles": {}, 
    "python": "2.7", 
    "requirements": {
        "Cython": "0.20", 
        "click": "4.0", 
        "gdal": "1.11", 
        "matplotlib": "1.4.3", 
        "numba": "0.22", 
        "numpy": "1.9", 
        "pandas": "0.16.0", 
        "patsy": "0.3.0", 
        "pyyaml": "3.11", 
        "scikit-learn": "0.15", 
        "scipy": "0.14.0", 
        "statsmodels": "0.5.0"
    }, 
    "results": {
        "algorithms.ccdc.CCDCesqueLine.time_ccdcesque1": 100.833780038, 
        "algorithms.ccdc.CCDCesqueLine.time_ccdcesque2": 102.30843445699999, 
        "algorithms.ccdc.CCDCesqueLine.time_ccdcesque3": 131.894011496, 
        "algorithms.ccdc.CCDCesqueLine.time_ccdcesque4": 130.945178074, 
        "algorithms.ccdc.CCDCesquePixel263.time_ccdcesque1": 18.864886601, 
        "algorithms.ccdc.CCDCesquePixel263.time_ccdcesque2": 19.105270249, 
        "algorithms.ccdc.CCDCesquePixel263.time_ccdcesque3": 21.481465292000003, 
        "algorithms.ccdc.CCDCesquePixel263.time_ccdcesque4": 21.406531708
    }, 
    "version": 1
}