{
    "commit_hash": "a32ef840b54eb4b90fd5b6ab4e60d1235c998843", 
    "date": 1449135799000, 
    "params": {
        "Cython": "0.20", 
        "arch": "x86_64", 
        "click": "4.0", 
        "cpu": "Intel(R) Core(TM) i5 CPU         760  @ 2.80GHz", 
        "gdal": "1.11", 
        "machine": "etm", 
        "matplotlib": "1.4.3", 
        "numba": "0.22", 
        "numpy": "1.9", 
        "os": "Linux 4.2.5-1-ARCH", 
        "pandas": "0.16.0", 
        "patsy": "0.3.0", 
        "python": "2.7", 
        "pyyaml": "3.11", 
        "ram": "12267468", 
        "scikit-learn": "0.15", 
        "scipy": "0.14.0", 
        "statsmodels": "0.5.0"
    }, 
    "profiles": {}, 
    "python": "2.7", 
    "requirements": {
        "Cython": "0.20", 
        "click": "4.0", 
        "gdal": "1.11", 
        "matplotlib": "1.4.3", 
        "numba": "0.22", 
        "numpy": "1.9", 
        "pandas": "0.16.0", 
        "patsy": "0.3.0", 
        "pyyaml": "3.11", 
        "scikit-learn": "0.15", 
        "scipy": "0.14.0", 
        "statsmodels": "0.5.0"
    }, 
    "results": {
        "algorithms.ccdc.CCDCesqueLine.time_ccdcesque1": 85.58307993, 
        "algorithms.ccdc.CCDCesqueLine.time_ccdcesque2": 88.216881984, 
        "algorithms.ccdc.CCDCesqueLine.time_ccdcesque3": 115.87644020200001, 
        "algorithms.ccdc.CCDCesqueLine.time_ccdcesque4": 116.450909093, 
        "algorithms.ccdc.CCDCesquePixel263.time_ccdcesque1": 16.680282991, 
        "algorithms.ccdc.CCDCesquePixel263.time_ccdcesque2": 16.789320997, 
        "algorithms.ccdc.CCDCesquePixel263.time_ccdcesque3": 18.972758887, 
        "algorithms.ccdc.CCDCesquePixel263.time_ccdcesque4": 19.000433961000002
    }, 
    "version": 1
}