{
    "commit_hash": "a52a066f2dada934311e38a33f76018de1d35f97", 
    "date": 1447875943000, 
    "params": {
        "Cython": "0.20", 
        "arch": "x86_64", 
        "click": "4.0", 
        "cpu": "Intel(R) Core(TM) i5 CPU         760  @ 2.80GHz", 
        "gdal": "1.11", 
        "machine": "etm", 
        "matplotlib": "1.4.3", 
        "numba": "0.22", 
        "numpy": "1.9", 
        "os": "Linux 4.2.5-1-ARCH", 
        "pandas": "0.16.0", 
        "patsy": "0.3.0", 
        "python": "2.7", 
        "pyyaml": "3.11", 
        "ram": "12267468", 
        "scikit-learn": "0.15", 
        "scipy": "0.14.0", 
        "statsmodels": "0.5.0"
    }, 
    "profiles": {}, 
    "python": "2.7", 
    "requirements": {
        "Cython": "0.20", 
        "click": "4.0", 
        "gdal": "1.11", 
        "matplotlib": "1.4.3", 
        "numba": "0.22", 
        "numpy": "1.9", 
        "pandas": "0.16.0", 
        "patsy": "0.3.0", 
        "pyyaml": "3.11", 
        "scikit-learn": "0.15", 
        "scipy": "0.14.0", 
        "statsmodels": "0.5.0"
    }, 
    "results": {
        "algorithms.ccdc.CCDCesqueLine.time_ccdcesque1": 100.259925678, 
        "algorithms.ccdc.CCDCesqueLine.time_ccdcesque2": 103.819231324, 
        "algorithms.ccdc.CCDCesqueLine.time_ccdcesque3": 130.72203725100002, 
        "algorithms.ccdc.CCDCesqueLine.time_ccdcesque4": 131.470769494, 
        "algorithms.ccdc.CCDCesquePixel263.time_ccdcesque1": 19.015820623, 
        "algorithms.ccdc.CCDCesquePixel263.time_ccdcesque2": 19.093885588, 
        "algorithms.ccdc.CCDCesquePixel263.time_ccdcesque3": 21.496828146000002, 
        "algorithms.ccdc.CCDCesquePixel263.time_ccdcesque4": 21.306342011999998
    }, 
    "version": 1
}