{
    "commit_hash": "b2e92c23f0d0ce8e5010aa0826113645d90bfabf", 
    "date": 1448507104000, 
    "params": {
        "Cython": "0.20", 
        "arch": "x86_64", 
        "click": "4.0", 
        "cpu": "Intel(R) Core(TM) i5 CPU         760  @ 2.80GHz", 
        "gdal": "1.11", 
        "machine": "etm", 
        "matplotlib": "1.4.3", 
        "numba": "0.22", 
        "numpy": "1.9", 
        "os": "Linux 4.2.5-1-ARCH", 
        "pandas": "0.16.0", 
        "patsy": "0.3.0", 
        "python": "2.7", 
        "pyyaml": "3.11", 
        "ram": "12267468", 
        "scikit-learn": "0.15", 
        "scipy": "0.14.0", 
        "statsmodels": "0.5.0"
    }, 
    "profiles": {}, 
    "python": "2.7", 
    "requirements": {
        "Cython": "0.20", 
        "click": "4.0", 
        "gdal": "1.11", 
        "matplotlib": "1.4.3", 
        "numba": "0.22", 
        "numpy": "1.9", 
        "pandas": "0.16.0", 
        "patsy": "0.3.0", 
        "pyyaml": "3.11", 
        "scikit-learn": "0.15", 
        "scipy": "0.14.0", 
        "statsmodels": "0.5.0"
    }, 
    "results": {
        "algorithms.ccdc.CCDCesqueLine.time_ccdcesque1": 84.949036634, 
        "algorithms.ccdc.CCDCesqueLine.time_ccdcesque2": 88.089197157, 
        "algorithms.ccdc.CCDCesqueLine.time_ccdcesque3": 116.07572019, 
        "algorithms.ccdc.CCDCesqueLine.time_ccdcesque4": 115.960365405, 
        "algorithms.ccdc.CCDCesquePixel263.time_ccdcesque1": 16.740050998999997, 
        "algorithms.ccdc.CCDCesquePixel263.time_ccdcesque2": 16.936756979, 
        "algorithms.ccdc.CCDCesquePixel263.time_ccdcesque3": 19.093851079, 
        "algorithms.ccdc.CCDCesquePixel263.time_ccdcesque4": 19.052126763
    }, 
    "version": 1
}