{
    "commit_hash": "c89b41a4f84230a57dde7aedb62169e505ff9186", 
    "date": 1449135847000, 
    "params": {
        "Cython": "0.20", 
        "arch": "x86_64", 
        "click": "4.0", 
        "cpu": "Intel(R) Core(TM) i5 CPU         760  @ 2.80GHz", 
        "gdal": "1.11", 
        "machine": "etm", 
        "matplotlib": "1.4.3", 
        "numba": "0.22", 
        "numpy": "1.9", 
        "os": "Linux 4.2.5-1-ARCH", 
        "pandas": "0.16.0", 
        "patsy": "0.3.0", 
        "python": "2.7", 
        "pyyaml": "3.11", 
        "ram": "12267468", 
        "scikit-learn": "0.15", 
        "scipy": "0.14.0", 
        "statsmodels": "0.5.0"
    }, 
    "profiles": {}, 
    "python": "2.7", 
    "requirements": {
        "Cython": "0.20", 
        "click": "4.0", 
        "gdal": "1.11", 
        "matplotlib": "1.4.3", 
        "numba": "0.22", 
        "numpy": "1.9", 
        "pandas": "0.16.0", 
        "patsy": "0.3.0", 
        "pyyaml": "3.11", 
        "scikit-learn": "0.15", 
        "scipy": "0.14.0", 
        "statsmodels": "0.5.0"
    }, 
    "results": {
        "algorithms.ccdc.CCDCesqueLine.time_ccdcesque1": 85.348467797, 
        "algorithms.ccdc.CCDCesqueLine.time_ccdcesque2": 88.95356828700001, 
        "algorithms.ccdc.CCDCesqueLine.time_ccdcesque3": 117.144470496, 
        "algorithms.ccdc.CCDCesqueLine.time_ccdcesque4": 116.97274222, 
        "algorithms.ccdc.CCDCesquePixel263.time_ccdcesque1": 16.932224633999997, 
        "algorithms.ccdc.CCDCesquePixel263.time_ccdcesque2": 17.016657654000003, 
        "algorithms.ccdc.CCDCesquePixel263.time_ccdcesque3": 19.199096354, 
        "algorithms.ccdc.CCDCesquePixel263.time_ccdcesque4": 19.359351044
    }, 
    "version": 1
}