{
    "commit_hash": "cb2f2c5af01c86e8a6847a69b075fafa373722a3", 
    "date": 1447873506000, 
    "params": {
        "Cython": "0.20", 
        "arch": "x86_64", 
        "click": "4.0", 
        "cpu": "Intel(R) Core(TM) i5 CPU         760  @ 2.80GHz", 
        "gdal": "1.11", 
        "machine": "etm", 
        "matplotlib": "1.4.3", 
        "numba": "0.22", 
        "numpy": "1.9", 
        "os": "Linux 4.2.5-1-ARCH", 
        "pandas": "0.16.0", 
        "patsy": "0.3.0", 
        "python": "2.7", 
        "pyyaml": "3.11", 
        "ram": "12267468", 
        "scikit-learn": "0.15", 
        "scipy": "0.14.0", 
        "statsmodels": "0.5.0"
    }, 
    "profiles": {}, 
    "python": "2.7", 
    "requirements": {
        "Cython": "0.20", 
        "click": "4.0", 
        "gdal": "1.11", 
        "matplotlib": "1.4.3", 
        "numba": "0.22", 
        "numpy": "1.9", 
        "pandas": "0.16.0", 
        "patsy": "0.3.0", 
        "pyyaml": "3.11", 
        "scikit-learn": "0.15", 
        "scipy": "0.14.0", 
        "statsmodels": "0.5.0"
    }, 
    "results": {
        "algorithms.ccdc.CCDCesqueLine.time_ccdcesque1": 100.95038873600001, 
        "algorithms.ccdc.CCDCesqueLine.time_ccdcesque2": 103.142741966, 
        "algorithms.ccdc.CCDCesqueLine.time_ccdcesque3": 130.83666226600002, 
        "algorithms.ccdc.CCDCesqueLine.time_ccdcesque4": 130.03771216299998, 
        "algorithms.ccdc.CCDCesquePixel263.time_ccdcesque1": 19.003720291, 
        "algorithms.ccdc.CCDCesquePixel263.time_ccdcesque2": 19.006711241999998, 
        "algorithms.ccdc.CCDCesquePixel263.time_ccdcesque3": 21.366750452999998, 
        "algorithms.ccdc.CCDCesquePixel263.time_ccdcesque4": 21.206327865
    }, 
    "version": 1
}