{
    "commit_hash": "d390c5f2b6d2ec8b594d8eb119fa708f8b4b8c2e", 
    "date": 1447877661000, 
    "params": {
        "Cython": "0.20", 
        "arch": "x86_64", 
        "click": "4.0", 
        "cpu": "Intel(R) Core(TM) i5 CPU         760  @ 2.80GHz", 
        "gdal": "1.11", 
        "machine": "etm", 
        "matplotlib": "1.4.3", 
        "numba": "0.22", 
        "numpy": "1.9", 
        "os": "Linux 4.2.5-1-ARCH", 
        "pandas": "0.16.0", 
        "patsy": "0.3.0", 
        "python": "2.7", 
        "pyyaml": "3.11", 
        "ram": "12267468", 
        "scikit-learn": "0.15", 
        "scipy": "0.14.0", 
        "statsmodels": "0.5.0"
    }, 
    "profiles": {}, 
    "python": "2.7", 
    "requirements": {
        "Cython": "0.20", 
        "click": "4.0", 
        "gdal": "1.11", 
        "matplotlib": "1.4.3", 
        "numba": "0.22", 
        "numpy": "1.9", 
        "pandas": "0.16.0", 
        "patsy": "0.3.0", 
        "pyyaml": "3.11", 
        "scikit-learn": "0.15", 
        "scipy": "0.14.0", 
        "statsmodels": "0.5.0"
    }, 
    "results": {
        "algorithms.ccdc.CCDCesqueLine.time_ccdcesque1": 100.76920757399999, 
        "algorithms.ccdc.CCDCesqueLine.time_ccdcesque2": 102.384906712, 
        "algorithms.ccdc.CCDCesqueLine.time_ccdcesque3": 130.626643761, 
        "algorithms.ccdc.CCDCesqueLine.time_ccdcesque4": 131.080576374, 
        "algorithms.ccdc.CCDCesquePixel263.time_ccdcesque1": 19.057603083, 
        "algorithms.ccdc.CCDCesquePixel263.time_ccdcesque2": 19.030998093, 
        "algorithms.ccdc.CCDCesquePixel263.time_ccdcesque3": 21.272712798, 
        "algorithms.ccdc.CCDCesquePixel263.time_ccdcesque4": 21.449322181000003
    }, 
    "version": 1
}