{
    "commit_hash": "e4cc5ca7e3f00a2efe0349f94c8930482e4dd69a", 
    "date": 1447174039000, 
    "params": {
        "Cython": "0.20", 
        "arch": "x86_64", 
        "click": "4.0", 
        "cpu": "Intel(R) Core(TM) i5 CPU         760  @ 2.80GHz", 
        "gdal": "1.11", 
        "machine": "etm", 
        "matplotlib": "1.4.3", 
        "numba": "0.22", 
        "numpy": "1.9", 
        "os": "Linux 4.2.5-1-ARCH", 
        "pandas": "0.16.0", 
        "patsy": "0.3.0", 
        "python": "2.7", 
        "pyyaml": "3.11", 
        "ram": "12267468", 
        "scikit-learn": "0.15", 
        "scipy": "0.14.0", 
        "statsmodels": "0.5.0"
    }, 
    "profiles": {}, 
    "python": "2.7", 
    "requirements": {
        "Cython": "0.20", 
        "click": "4.0", 
        "gdal": "1.11", 
        "matplotlib": "1.4.3", 
        "numba": "0.22", 
        "numpy": "1.9", 
        "pandas": "0.16.0", 
        "patsy": "0.3.0", 
        "pyyaml": "3.11", 
        "scikit-learn": "0.15", 
        "scipy": "0.14.0", 
        "statsmodels": "0.5.0"
    }, 
    "results": {
        "algorithms.ccdc.CCDCesqueLine.time_ccdcesque1": 99.997108871, 
        "algorithms.ccdc.CCDCesqueLine.time_ccdcesque2": 102.781119209, 
        "algorithms.ccdc.CCDCesqueLine.time_ccdcesque3": 130.403665001, 
        "algorithms.ccdc.CCDCesqueLine.time_ccdcesque4": 130.770261674, 
        "algorithms.ccdc.CCDCesquePixel263.time_ccdcesque1": 19.053667349999998, 
        "algorithms.ccdc.CCDCesquePixel263.time_ccdcesque2": 19.041674671, 
        "algorithms.ccdc.CCDCesquePixel263.time_ccdcesque3": 21.395112202, 
        "algorithms.ccdc.CCDCesquePixel263.time_ccdcesque4": 21.41231904
    }, 
    "version": 1
}