{
    "commit_hash": "fc1be25587dd3f9c9d46a19d810a1397ef8ace74", 
    "date": 1446426455000, 
    "params": {
        "Cython": "0.20", 
        "arch": "x86_64", 
        "click": "4.0", 
        "cpu": "Intel(R) Core(TM) i5 CPU         760  @ 2.80GHz", 
        "gdal": "1.11", 
        "machine": "etm", 
        "matplotlib": "1.4.3", 
        "numba": "0.22", 
        "numpy": "1.9", 
        "os": "Linux 4.2.5-1-ARCH", 
        "pandas": "0.16.0", 
        "patsy": "0.3.0", 
        "python": "2.7", 
        "pyyaml": "3.11", 
        "ram": "12267468", 
        "scikit-learn": "0.15", 
        "scipy": "0.14.0", 
        "statsmodels": "0.5.0"
    }, 
    "profiles": {}, 
    "python": "2.7", 
    "requirements": {
        "Cython": "0.20", 
        "click": "4.0", 
        "gdal": "1.11", 
        "matplotlib": "1.4.3", 
        "numba": "0.22", 
        "numpy": "1.9", 
        "pandas": "0.16.0", 
        "patsy": "0.3.0", 
        "pyyaml": "3.11", 
        "scikit-learn": "0.15", 
        "scipy": "0.14.0", 
        "statsmodels": "0.5.0"
    }, 
    "results": {
        "algorithms.ccdc.CCDCesqueLine.time_ccdcesque1": 101.175262703, 
        "algorithms.ccdc.CCDCesqueLine.time_ccdcesque2": 102.716608896, 
        "algorithms.ccdc.CCDCesqueLine.time_ccdcesque3": 130.91457535199999, 
        "algorithms.ccdc.CCDCesqueLine.time_ccdcesque4": 131.712111184, 
        "algorithms.ccdc.CCDCesquePixel263.time_ccdcesque1": 18.889170738, 
        "algorithms.ccdc.CCDCesquePixel263.time_ccdcesque2": 18.989820118, 
        "algorithms.ccdc.CCDCesquePixel263.time_ccdcesque3": 21.478111101, 
        "algorithms.ccdc.CCDCesquePixel263.time_ccdcesque4": 21.501355757
    }, 
    "version": 1
}