date,sensor,filename
1984162,LT5,/home/ceholden/Documents/landsat_stack/p013r030/subset/LT50130301984162XXX08/LT50130301984162XXX08_stack
1984274,LT5,/home/ceholden/Documents/landsat_stack/p013r030/subset/LT50130301984274PAC08/LT50130301984274PAC08_stack
1984290,LT5,/home/ceholden/Documents/landsat_stack/p013r030/subset/LT50130301984290PAC16/LT50130301984290PAC16_stack
1984306,LT5,/home/ceholden/Documents/landsat_stack/p013r030/subset/LT50130301984306XXX01/LT50130301984306XXX01_stack
1985084,LT5,/home/ceholden/Documents/landsat_stack/p013r030/subset/LT50130301985084XXX04/LT50130301985084XXX04_stack
1985100,LT5,/home/ceholden/Documents/landsat_stack/p013r030/subset/LT50130301985100XXX04/LT50130301985100XXX04_stack
1985116,LT5,/home/ceholden/Documents/landsat_stack/p013r030/subset/LT50130301985116PAC02/LT50130301985116PAC02_stack
1985244,LT5,/home/ceholden/Documents/landsat_stack/p013r030/subset/LT50130301985244PAC05/LT50130301985244PAC05_stack
1985260,LT5,/home/ceholden/Documents/landsat_stack/p013r030/subset/LT50130301985260PAC06/LT50130301985260PAC06_stack
1985324,LT5,/home/ceholden/Documents/landsat_stack/p013r030/subset/LT50130301985324AAA05/LT50130301985324AAA05_stack
1986023,LT5,/home/ceholden/Documents/landsat_stack/p013r030/subset/LT50130301986023PAC05/LT50130301986023PAC05_stack
1986087,LT5,/home/ceholden/Documents/landsat_stack/p013r030/subset/LT50130301986087XXX03/LT50130301986087XXX03_stack
1986103,LT5,/home/ceholden/Documents/landsat_stack/p013r030/subset/LT50130301986103AAA03/LT50130301986103AAA03_stack
1986119,LT5,/home/ceholden/Documents/landsat_stack/p013r030/subset/LT50130301986119PAC05/LT50130301986119PAC05_stack
1986135,LT5,/home/ceholden/Documents/landsat_stack/p013r030/subset/LT50130301986135XXX03/LT50130301986135XXX03_stack
1986167,LT5,/home/ceholden/Documents/landsat_stack/p013r030/subset/LT50130301986167XXX03/LT50130301986167XXX03_stack
1986215,LT5,/home/ceholden/Documents/landsat_stack/p013r030/subset/LT50130301986215XXX03/LT50130301986215XXX03_stack
1986295,LT5,/home/ceholden/Documents/landsat_stack/p013r030/subset/LT50130301986295XXX03/LT50130301986295XXX03_stack
1987122,LT5,/home/ceholden/Documents/landsat_stack/p013r030/subset/LT50130301987122XXX02/LT50130301987122XXX02_stack
1987146,LT4,/home/ceholden/Documents/landsat_stack/p013r030/subset/LT40130301987146XXX01/LT40130301987146XXX01_stack
1987154,LT5,/home/ceholden/Documents/landsat_stack/p013r030/subset/LT50130301987154XXX02/LT50130301987154XXX02_stack
1987170,LT5,/home/ceholden/Documents/landsat_stack/p013r030/subset/LT50130301987170XXX02/LT50130301987170XXX02_stack
1987186,LT5,/home/ceholden/Documents/landsat_stack/p013r030/subset/LT50130301987186PAC03/LT50130301987186PAC03_stack
1987218,LT5,/home/ceholden/Documents/landsat_stack/p013r030/subset/LT50130301987218XXX02/LT50130301987218XXX02_stack
1987266,LT5,/home/ceholden/Documents/landsat_stack/p013r030/subset/LT50130301987266XXX02/LT50130301987266XXX02_stack
1987282,LT5,/home/ceholden/Documents/landsat_stack/p013r030/subset/LT50130301987282PAC04/LT50130301987282PAC04_stack
1987298,LT5,/home/ceholden/Documents/landsat_stack/p013r030/subset/LT50130301987298XXX03/LT50130301987298XXX03_stack
1988077,LT5,/home/ceholden/Documents/landsat_stack/p013r030/subset/LT50130301988077PAC04/LT50130301988077PAC04_stack
1988093,LT5,/home/ceholden/Documents/landsat_stack/p013r030/subset/LT50130301988093XXX03/LT50130301988093XXX03_stack
1988125,LT5,/home/ceholden/Documents/landsat_stack/p013r030/subset/LT50130301988125PAC04/LT50130301988125PAC04_stack
1988157,LT5,/home/ceholden/Documents/landsat_stack/p013r030/subset/LT50130301988157XXX07/LT50130301988157XXX07_stack
1988173,LT5,/home/ceholden/Documents/landsat_stack/p013r030/subset/LT50130301988173PAC05/LT50130301988173PAC05_stack
1988189,LT5,/home/ceholden/Documents/landsat_stack/p013r030/subset/LT50130301988189PAC09/LT50130301988189PAC09_stack
1988205,LT5,/home/ceholden/Documents/landsat_stack/p013r030/subset/LT50130301988205PAC05/LT50130301988205PAC05_stack
1988221,LT5,/home/ceholden/Documents/landsat_stack/p013r030/subset/LT50130301988221PAC05/LT50130301988221PAC05_stack
1988253,LT5,/home/ceholden/Documents/landsat_stack/p013r030/subset/LT50130301988253XXX04/LT50130301988253XXX04_stack
1988269,LT5,/home/ceholden/Documents/landsat_stack/p013r030/subset/LT50130301988269PAC04/LT50130301988269PAC04_stack
1988301,LT5,/home/ceholden/Documents/landsat_stack/p013r030/subset/LT50130301988301XXX02/LT50130301988301XXX02_stack
1988317,LT5,/home/ceholden/Documents/landsat_stack/p013r030/subset/LT50130301988317XXX03/LT50130301988317XXX03_stack
1988365,LT5,/home/ceholden/Documents/landsat_stack/p013r030/subset/LT50130301988365XXX02/LT50130301988365XXX02_stack
1989079,LT5,/home/ceholden/Documents/landsat_stack/p013r030/subset/LT50130301989079XXX02/LT50130301989079XXX02_stack
1989095,LT5,/home/ceholden/Documents/landsat_stack/p013r030/subset/LT50130301989095PAC03/LT50130301989095PAC03_stack
1989111,LT5,/home/ceholden/Documents/landsat_stack/p013r030/subset/LT50130301989111PAC04/LT50130301989111PAC04_stack
1989127,LT5,/home/ceholden/Documents/landsat_stack/p013r030/subset/LT50130301989127XXX02/LT50130301989127XXX02_stack
1989207,LT5,/home/ceholden/Documents/landsat_stack/p013r030/subset/LT50130301989207XXX03/LT50130301989207XXX03_stack
1989215,LT4,/home/ceholden/Documents/landsat_stack/p013r030/subset/LT40130301989215XXX02/LT40130301989215XXX02_stack
1989231,LT4,/home/ceholden/Documents/landsat_stack/p013r030/subset/LT40130301989231XXX02/LT40130301989231XXX02_stack
1989239,LT5,/home/ceholden/Documents/landsat_stack/p013r030/subset/LT50130301989239XXX02/LT50130301989239XXX02_stack
1989271,LT5,/home/ceholden/Documents/landsat_stack/p013r030/subset/LT50130301989271AAA02/LT50130301989271AAA02_stack
1989287,LT5,/home/ceholden/Documents/landsat_stack/p013r030/subset/LT50130301989287XXX02/LT50130301989287XXX02_stack
1989303,LT5,/home/ceholden/Documents/landsat_stack/p013r030/subset/LT50130301989303XXX02/LT50130301989303XXX02_stack
1990114,LT5,/home/ceholden/Documents/landsat_stack/p013r030/subset/LT50130301990114XXX02/LT50130301990114XXX02_stack
1990146,LT5,/home/ceholden/Documents/landsat_stack/p013r030/subset/LT50130301990146PAC05/LT50130301990146PAC05_stack
1990178,LT5,/home/ceholden/Documents/landsat_stack/p013r030/subset/LT50130301990178PAC04/LT50130301990178PAC04_stack
1990186,LT4,/home/ceholden/Documents/landsat_stack/p013r030/subset/LT40130301990186XXX03/LT40130301990186XXX03_stack
1990194,LT5,/home/ceholden/Documents/landsat_stack/p013r030/subset/LT50130301990194XXX03/LT50130301990194XXX03_stack
1990202,LT4,/home/ceholden/Documents/landsat_stack/p013r030/subset/LT40130301990202XXX03/LT40130301990202XXX03_stack
1990210,LT5,/home/ceholden/Documents/landsat_stack/p013r030/subset/LT50130301990210XXX03/LT50130301990210XXX03_stack
1990242,LT5,/home/ceholden/Documents/landsat_stack/p013r030/subset/LT50130301990242AAA04/LT50130301990242AAA04_stack
1990274,LT5,/home/ceholden/Documents/landsat_stack/p013r030/subset/LT50130301990274XXX03/LT50130301990274XXX03_stack
1990290,LT5,/home/ceholden/Documents/landsat_stack/p013r030/subset/LT50130301990290XXX03/LT50130301990290XXX03_stack
1990322,LT5,/home/ceholden/Documents/landsat_stack/p013r030/subset/LT50130301990322XXX03/LT50130301990322XXX03_stack
1990354,LT5,/home/ceholden/Documents/landsat_stack/p013r030/subset/LT50130301990354XXX03/LT50130301990354XXX03_stack
1991069,LT5,/home/ceholden/Documents/landsat_stack/p013r030/subset/LT50130301991069XXX03/LT50130301991069XXX03_stack
1991101,LT5,/home/ceholden/Documents/landsat_stack/p013r030/subset/LT50130301991101PAC02/LT50130301991101PAC02_stack
1991117,LT5,/home/ceholden/Documents/landsat_stack/p013r030/subset/LT50130301991117AAA04/LT50130301991117AAA04_stack
1991133,LT5,/home/ceholden/Documents/landsat_stack/p013r030/subset/LT50130301991133PAC04/LT50130301991133PAC04_stack
1991149,LT5,/home/ceholden/Documents/landsat_stack/p013r030/subset/LT50130301991149XXX03/LT50130301991149XXX03_stack
1991165,LT5,/home/ceholden/Documents/landsat_stack/p013r030/subset/LT50130301991165AAA04/LT50130301991165AAA04_stack
1991197,LT5,/home/ceholden/Documents/landsat_stack/p013r030/subset/LT50130301991197XXX03/LT50130301991197XXX03_stack
1991213,LT5,/home/ceholden/Documents/landsat_stack/p013r030/subset/LT50130301991213AAA03/LT50130301991213AAA03_stack
1991229,LT5,/home/ceholden/Documents/landsat_stack/p013r030/subset/LT50130301991229AAA03/LT50130301991229AAA03_stack
1991245,LT5,/home/ceholden/Documents/landsat_stack/p013r030/subset/LT50130301991245AAA02/LT50130301991245AAA02_stack
1991277,LT5,/home/ceholden/Documents/landsat_stack/p013r030/subset/LT50130301991277AAA02/LT50130301991277AAA02_stack
1991293,LT5,/home/ceholden/Documents/landsat_stack/p013r030/subset/LT50130301991293AAA02/LT50130301991293AAA02_stack
1991309,LT5,/home/ceholden/Documents/landsat_stack/p013r030/subset/LT50130301991309AAA02/LT50130301991309AAA02_stack
1992008,LT5,/home/ceholden/Documents/landsat_stack/p013r030/subset/LT50130301992008AAA03/LT50130301992008AAA03_stack
1992104,LT5,/home/ceholden/Documents/landsat_stack/p013r030/subset/LT50130301992104XXX03/LT50130301992104XXX03_stack
1992136,LT5,/home/ceholden/Documents/landsat_stack/p013r030/subset/LT50130301992136XXX02/LT50130301992136XXX02_stack
1992168,LT5,/home/ceholden/Documents/landsat_stack/p013r030/subset/LT50130301992168XXX02/LT50130301992168XXX02_stack
1992232,LT5,/home/ceholden/Documents/landsat_stack/p013r030/subset/LT50130301992232XXX02/LT50130301992232XXX02_stack
1992248,LT5,/home/ceholden/Documents/landsat_stack/p013r030/subset/LT50130301992248XXX02/LT50130301992248XXX02_stack
1992264,LT5,/home/ceholden/Documents/landsat_stack/p013r030/subset/LT50130301992264XXX02/LT50130301992264XXX02_stack
1992280,LT5,/home/ceholden/Documents/landsat_stack/p013r030/subset/LT50130301992280XXX02/LT50130301992280XXX02_stack
1992296,LT5,/home/ceholden/Documents/landsat_stack/p013r030/subset/LT50130301992296XXX02/LT50130301992296XXX02_stack
1992312,LT5,/home/ceholden/Documents/landsat_stack/p013r030/subset/LT50130301992312XXX02/LT50130301992312XXX02_stack
1993010,LT5,/home/ceholden/Documents/landsat_stack/p013r030/subset/LT50130301993010XXX02/LT50130301993010XXX02_stack
1993026,LT5,/home/ceholden/Documents/landsat_stack/p013r030/subset/LT50130301993026AAA02/LT50130301993026AAA02_stack
1993122,LT5,/home/ceholden/Documents/landsat_stack/p013r030/subset/LT50130301993122XXX02/LT50130301993122XXX02_stack
1993154,LT5,/home/ceholden/Documents/landsat_stack/p013r030/subset/LT50130301993154XXX02/LT50130301993154XXX02_stack
1993186,LT5,/home/ceholden/Documents/landsat_stack/p013r030/subset/LT50130301993186AAA02/LT50130301993186AAA02_stack
1993202,LT5,/home/ceholden/Documents/landsat_stack/p013r030/subset/LT50130301993202XXX02/LT50130301993202XXX02_stack
1993218,LT5,/home/ceholden/Documents/landsat_stack/p013r030/subset/LT50130301993218XXX02/LT50130301993218XXX02_stack
1993298,LT5,/home/ceholden/Documents/landsat_stack/p013r030/subset/LT50130301993298AAA02/LT50130301993298AAA02_stack
1993314,LT5,/home/ceholden/Documents/landsat_stack/p013r030/subset/LT50130301993314XXX02/LT50130301993314XXX02_stack
1993330,LT5,/home/ceholden/Documents/landsat_stack/p013r030/subset/LT50130301993330XXX02/LT50130301993330XXX02_stack
1993362,LT5,/home/ceholden/Documents/landsat_stack/p013r030/subset/LT50130301993362XXX02/LT50130301993362XXX02_stack
1994141,LT5,/home/ceholden/Documents/landsat_stack/p013r030/subset/LT50130301994141XXX03/LT50130301994141XXX03_stack
1994173,LT5,/home/ceholden/Documents/landsat_stack/p013r030/subset/LT50130301994173XXX03/LT50130301994173XXX03_stack
1994189,LT5,/home/ceholden/Documents/landsat_stack/p013r030/subset/LT50130301994189XXX02/LT50130301994189XXX02_stack
1994205,LT5,/home/ceholden/Documents/landsat_stack/p013r030/subset/LT50130301994205XXX02/LT50130301994205XXX02_stack
1994221,LT5,/home/ceholden/Documents/landsat_stack/p013r030/subset/LT50130301994221XXX03/LT50130301994221XXX03_stack
1994237,LT5,/home/ceholden/Documents/landsat_stack/p013r030/subset/LT50130301994237XXX02/LT50130301994237XXX02_stack
1994253,LT5,/home/ceholden/Documents/landsat_stack/p013r030/subset/LT50130301994253XXX02/LT50130301994253XXX02_stack
1994285,LT5,/home/ceholden/Documents/landsat_stack/p013r030/subset/LT50130301994285AAA02/LT50130301994285AAA02_stack
1994301,LT5,/home/ceholden/Documents/landsat_stack/p013r030/subset/LT50130301994301XXX02/LT50130301994301XXX02_stack
1994317,LT5,/home/ceholden/Documents/landsat_stack/p013r030/subset/LT50130301994317XXX02/LT50130301994317XXX02_stack
1994349,LT5,/home/ceholden/Documents/landsat_stack/p013r030/subset/LT50130301994349XXX02/LT50130301994349XXX02_stack
1995032,LT5,/home/ceholden/Documents/landsat_stack/p013r030/subset/LT50130301995032XXX01/LT50130301995032XXX01_stack
1995096,LT5,/home/ceholden/Documents/landsat_stack/p013r030/subset/LT50130301995096XXX01/LT50130301995096XXX01_stack
1995128,LT5,/home/ceholden/Documents/landsat_stack/p013r030/subset/LT50130301995128AAA01/LT50130301995128AAA01_stack
1995160,LT5,/home/ceholden/Documents/landsat_stack/p013r030/subset/LT50130301995160PAC02/LT50130301995160PAC02_stack
1995176,LT5,/home/ceholden/Documents/landsat_stack/p013r030/subset/LT50130301995176XXX01/LT50130301995176XXX01_stack
1995208,LT5,/home/ceholden/Documents/landsat_stack/p013r030/subset/LT50130301995208PAC02/LT50130301995208PAC02_stack
1995240,LT5,/home/ceholden/Documents/landsat_stack/p013r030/subset/LT50130301995240AAA01/LT50130301995240AAA01_stack
1995272,LT5,/home/ceholden/Documents/landsat_stack/p013r030/subset/LT50130301995272PAC02/LT50130301995272PAC02_stack
1995320,LT5,/home/ceholden/Documents/landsat_stack/p013r030/subset/LT50130301995320XXX04/LT50130301995320XXX04_stack
1995336,LT5,/home/ceholden/Documents/landsat_stack/p013r030/subset/LT50130301995336XXX01/LT50130301995336XXX01_stack
1996147,LT5,/home/ceholden/Documents/landsat_stack/p013r030/subset/LT50130301996147AAA01/LT50130301996147AAA01_stack
1996163,LT5,/home/ceholden/Documents/landsat_stack/p013r030/subset/LT50130301996163XXX01/LT50130301996163XXX01_stack
1996179,LT5,/home/ceholden/Documents/landsat_stack/p013r030/subset/LT50130301996179XXX01/LT50130301996179XXX01_stack
1996211,LT5,/home/ceholden/Documents/landsat_stack/p013r030/subset/LT50130301996211PAC02/LT50130301996211PAC02_stack
1996227,LT5,/home/ceholden/Documents/landsat_stack/p013r030/subset/LT50130301996227PAC02/LT50130301996227PAC02_stack
1996243,LT5,/home/ceholden/Documents/landsat_stack/p013r030/subset/LT50130301996243PAC03/LT50130301996243PAC03_stack
1996259,LT5,/home/ceholden/Documents/landsat_stack/p013r030/subset/LT50130301996259PAC02/LT50130301996259PAC02_stack
1996275,LT5,/home/ceholden/Documents/landsat_stack/p013r030/subset/LT50130301996275PAC02/LT50130301996275PAC02_stack
1996291,LT5,/home/ceholden/Documents/landsat_stack/p013r030/subset/LT50130301996291XXX01/LT50130301996291XXX01_stack
1996307,LT5,/home/ceholden/Documents/landsat_stack/p013r030/subset/LT50130301996307XXX01/LT50130301996307XXX01_stack
1997021,LT5,/home/ceholden/Documents/landsat_stack/p013r030/subset/LT50130301997021PAC02/LT50130301997021PAC02_stack
1997117,LT5,/home/ceholden/Documents/landsat_stack/p013r030/subset/LT50130301997117PAC03/LT50130301997117PAC03_stack
1997149,LT5,/home/ceholden/Documents/landsat_stack/p013r030/subset/LT50130301997149PAC02/LT50130301997149PAC02_stack
1997165,LT5,/home/ceholden/Documents/landsat_stack/p013r030/subset/LT50130301997165PAC02/LT50130301997165PAC02_stack
1997181,LT5,/home/ceholden/Documents/landsat_stack/p013r030/subset/LT50130301997181PAC03/LT50130301997181PAC03_stack
1997229,LT5,/home/ceholden/Documents/landsat_stack/p013r030/subset/LT50130301997229PAC03/LT50130301997229PAC03_stack
1997261,LT5,/home/ceholden/Documents/landsat_stack/p013r030/subset/LT50130301997261XXX01/LT50130301997261XXX01_stack
1997293,LT5,/home/ceholden/Documents/landsat_stack/p013r030/subset/LT50130301997293AAA01/LT50130301997293AAA01_stack
1997309,LT5,/home/ceholden/Documents/landsat_stack/p013r030/subset/LT50130301997309AAA01/LT50130301997309AAA01_stack
1998040,LT5,/home/ceholden/Documents/landsat_stack/p013r030/subset/LT50130301998040AAA02/LT50130301998040AAA02_stack
1998104,LT5,/home/ceholden/Documents/landsat_stack/p013r030/subset/LT50130301998104PAC03/LT50130301998104PAC03_stack
1998136,LT5,/home/ceholden/Documents/landsat_stack/p013r030/subset/LT50130301998136PAC02/LT50130301998136PAC02_stack
1998184,LT5,/home/ceholden/Documents/landsat_stack/p013r030/subset/LT50130301998184XXX01/LT50130301998184XXX01_stack
1998232,LT5,/home/ceholden/Documents/landsat_stack/p013r030/subset/LT50130301998232PAC03/LT50130301998232PAC03_stack
1998328,LT5,/home/ceholden/Documents/landsat_stack/p013r030/subset/LT50130301998328AAA01/LT50130301998328AAA01_stack
1998344,LT5,/home/ceholden/Documents/landsat_stack/p013r030/subset/LT50130301998344XXX01/LT50130301998344XXX01_stack
1999155,LT5,/home/ceholden/Documents/landsat_stack/p013r030/subset/LT50130301999155AAA02/LT50130301999155AAA02_stack
1999171,LT5,/home/ceholden/Documents/landsat_stack/p013r030/subset/LT50130301999171XXX01/LT50130301999171XXX01_stack
1999203,LT5,/home/ceholden/Documents/landsat_stack/p013r030/subset/LT50130301999203XXX01/LT50130301999203XXX01_stack
1999211,LE7,/home/ceholden/Documents/landsat_stack/p013r030/subset/LE70130301999211EDC00/LE70130301999211EDC00_stack
1999219,LT5,/home/ceholden/Documents/landsat_stack/p013r030/subset/LT50130301999219AAA01/LT50130301999219AAA01_stack
1999235,LT5,/home/ceholden/Documents/landsat_stack/p013r030/subset/LT50130301999235AAA01/LT50130301999235AAA01_stack
1999243,LE7,/home/ceholden/Documents/landsat_stack/p013r030/subset/LE70130301999243EDC00/LE70130301999243EDC00_stack
1999267,LT5,/home/ceholden/Documents/landsat_stack/p013r030/subset/LT50130301999267XXX01/LT50130301999267XXX01_stack
1999275,LE7,/home/ceholden/Documents/landsat_stack/p013r030/subset/LE70130301999275EDC01/LE70130301999275EDC01_stack
1999299,LT5,/home/ceholden/Documents/landsat_stack/p013r030/subset/LT50130301999299AAA01/LT50130301999299AAA01_stack
1999307,LE7,/home/ceholden/Documents/landsat_stack/p013r030/subset/LE70130301999307EDC00/LE70130301999307EDC00_stack
1999315,LT5,/home/ceholden/Documents/landsat_stack/p013r030/subset/LT50130301999315XXX03/LT50130301999315XXX03_stack
1999323,LE7,/home/ceholden/Documents/landsat_stack/p013r030/subset/LE70130301999323EDC00/LE70130301999323EDC00_stack
1999339,LE7,/home/ceholden/Documents/landsat_stack/p013r030/subset/LE70130301999339GNC01/LE70130301999339GNC01_stack
2000070,LE7,/home/ceholden/Documents/landsat_stack/p013r030/subset/LE70130302000070EDC00/LE70130302000070EDC00_stack
2000086,LE7,/home/ceholden/Documents/landsat_stack/p013r030/subset/LE70130302000086EDC00/LE70130302000086EDC00_stack
2000174,LT5,/home/ceholden/Documents/landsat_stack/p013r030/subset/LT50130302000174XXX02/LT50130302000174XXX02_stack
2000182,LE7,/home/ceholden/Documents/landsat_stack/p013r030/subset/LE70130302000182EDC00/LE70130302000182EDC00_stack
2000190,LT5,/home/ceholden/Documents/landsat_stack/p013r030/subset/LT50130302000190XXX02/LT50130302000190XXX02_stack
2000238,LT5,/home/ceholden/Documents/landsat_stack/p013r030/subset/LT50130302000238XXX02/LT50130302000238XXX02_stack
2000254,LT5,/home/ceholden/Documents/landsat_stack/p013r030/subset/LT50130302000254XXX02/LT50130302000254XXX02_stack
2000262,LE7,/home/ceholden/Documents/landsat_stack/p013r030/subset/LE70130302000262EDC00/LE70130302000262EDC00_stack
2000286,LT5,/home/ceholden/Documents/landsat_stack/p013r030/subset/LT50130302000286XXX02/LT50130302000286XXX02_stack
2000294,LE7,/home/ceholden/Documents/landsat_stack/p013r030/subset/LE70130302000294EDC00/LE70130302000294EDC00_stack
2000302,LT5,/home/ceholden/Documents/landsat_stack/p013r030/subset/LT50130302000302XXX02/LT50130302000302XXX02_stack
2000326,LE7,/home/ceholden/Documents/landsat_stack/p013r030/subset/LE70130302000326EDC00/LE70130302000326EDC00_stack
2000334,LT5,/home/ceholden/Documents/landsat_stack/p013r030/subset/LT50130302000334AAA02/LT50130302000334AAA02_stack
2001104,LE7,/home/ceholden/Documents/landsat_stack/p013r030/subset/LE70130302001104EDC00/LE70130302001104EDC00_stack
2001112,LT5,/home/ceholden/Documents/landsat_stack/p013r030/subset/LT50130302001112XXX02/LT50130302001112XXX02_stack
2001120,LE7,/home/ceholden/Documents/landsat_stack/p013r030/subset/LE70130302001120EDC00/LE70130302001120EDC00_stack
2001128,LT5,/home/ceholden/Documents/landsat_stack/p013r030/subset/LT50130302001128XXX02/LT50130302001128XXX02_stack
2001152,LE7,/home/ceholden/Documents/landsat_stack/p013r030/subset/LE70130302001152EDC00/LE70130302001152EDC00_stack
2001160,LT5,/home/ceholden/Documents/landsat_stack/p013r030/subset/LT50130302001160XXX02/LT50130302001160XXX02_stack
2001176,LT5,/home/ceholden/Documents/landsat_stack/p013r030/subset/LT50130302001176XXX02/LT50130302001176XXX02_stack
2001184,LE7,/home/ceholden/Documents/landsat_stack/p013r030/subset/LE70130302001184EDC00/LE70130302001184EDC00_stack
2001192,LT5,/home/ceholden/Documents/landsat_stack/p013r030/subset/LT50130302001192LGS02/LT50130302001192LGS02_stack
2001200,LE7,/home/ceholden/Documents/landsat_stack/p013r030/subset/LE70130302001200EDC00/LE70130302001200EDC00_stack
2001208,LT5,/home/ceholden/Documents/landsat_stack/p013r030/subset/LT50130302001208LGS01/LT50130302001208LGS01_stack
2001240,LT5,/home/ceholden/Documents/landsat_stack/p013r030/subset/LT50130302001240LGS01/LT50130302001240LGS01_stack
2001248,LE7,/home/ceholden/Documents/landsat_stack/p013r030/subset/LE70130302001248EDC00/LE70130302001248EDC00_stack
2001256,LT5,/home/ceholden/Documents/landsat_stack/p013r030/subset/LT50130302001256LGS01/LT50130302001256LGS01_stack
2001272,LT5,/home/ceholden/Documents/landsat_stack/p013r030/subset/LT50130302001272LGS01/LT50130302001272LGS01_stack
2001280,LE7,/home/ceholden/Documents/landsat_stack/p013r030/subset/LE70130302001280EDC00/LE70130302001280EDC00_stack
2001288,LT5,/home/ceholden/Documents/landsat_stack/p013r030/subset/LT50130302001288LGS01/LT50130302001288LGS01_stack
2001312,LE7,/home/ceholden/Documents/landsat_stack/p013r030/subset/LE70130302001312EDC00/LE70130302001312EDC00_stack
2001320,LT5,/home/ceholden/Documents/landsat_stack/p013r030/subset/LT50130302001320LGS01/LT50130302001320LGS01_stack
2001360,LE7,/home/ceholden/Documents/landsat_stack/p013r030/subset/LE70130302001360EDC00/LE70130302001360EDC00_stack
2002003,LT5,/home/ceholden/Documents/landsat_stack/p013r030/subset/LT50130302002003LGS01/LT50130302002003LGS01_stack
2002027,LE7,/home/ceholden/Documents/landsat_stack/p013r030/subset/LE70130302002027EDC00/LE70130302002027EDC00_stack
2002059,LE7,/home/ceholden/Documents/landsat_stack/p013r030/subset/LE70130302002059EDC00/LE70130302002059EDC00_stack
2002107,LE7,/home/ceholden/Documents/landsat_stack/p013r030/subset/LE70130302002107EDC00/LE70130302002107EDC00_stack
2002123,LE7,/home/ceholden/Documents/landsat_stack/p013r030/subset/LE70130302002123EDC00/LE70130302002123EDC00_stack
2002131,LT5,/home/ceholden/Documents/landsat_stack/p013r030/subset/LT50130302002131LGS01/LT50130302002131LGS01_stack
2002139,LE7,/home/ceholden/Documents/landsat_stack/p013r030/subset/LE70130302002139EDC00/LE70130302002139EDC00_stack
2002155,LE7,/home/ceholden/Documents/landsat_stack/p013r030/subset/LE70130302002155EDC00/LE70130302002155EDC00_stack
2002171,LE7,/home/ceholden/Documents/landsat_stack/p013r030/subset/LE70130302002171EDC00/LE70130302002171EDC00_stack
2002187,LE7,/home/ceholden/Documents/landsat_stack/p013r030/subset/LE70130302002187EDC00/LE70130302002187EDC00_stack
2002195,LT5,/home/ceholden/Documents/landsat_stack/p013r030/subset/LT50130302002195LGS01/LT50130302002195LGS01_stack
2002203,LE7,/home/ceholden/Documents/landsat_stack/p013r030/subset/LE70130302002203EDC00/LE70130302002203EDC00_stack
2002211,LT5,/home/ceholden/Documents/landsat_stack/p013r030/subset/LT50130302002211LGS01/LT50130302002211LGS01_stack
2002219,LE7,/home/ceholden/Documents/landsat_stack/p013r030/subset/LE70130302002219EDC00/LE70130302002219EDC00_stack
2002227,LT5,/home/ceholden/Documents/landsat_stack/p013r030/subset/LT50130302002227LGS01/LT50130302002227LGS01_stack
2002235,LE7,/home/ceholden/Documents/landsat_stack/p013r030/subset/LE70130302002235EDC00/LE70130302002235EDC00_stack
2002251,LE7,/home/ceholden/Documents/landsat_stack/p013r030/subset/LE70130302002251EDC00/LE70130302002251EDC00_stack
2002267,LE7,/home/ceholden/Documents/landsat_stack/p013r030/subset/LE70130302002267EDC00/LE70130302002267EDC00_stack
2002291,LT5,/home/ceholden/Documents/landsat_stack/p013r030/subset/LT50130302002291EDC02/LT50130302002291EDC02_stack
2002307,LT5,/home/ceholden/Documents/landsat_stack/p013r030/subset/LT50130302002307LGS01/LT50130302002307LGS01_stack
2003086,LT5,/home/ceholden/Documents/landsat_stack/p013r030/subset/LT50130302003086LGS01/LT50130302003086LGS01_stack
2003110,LE7,/home/ceholden/Documents/landsat_stack/p013r030/subset/LE70130302003110EDC00/LE70130302003110EDC00_stack
2003118,LT5,/home/ceholden/Documents/landsat_stack/p013r030/subset/LT50130302003118LGS01/LT50130302003118LGS01_stack
2003150,LT5,/home/ceholden/Documents/landsat_stack/p013r030/subset/LT50130302003150LGS02/LT50130302003150LGS02_stack
2003166,LT5,/home/ceholden/Documents/landsat_stack/p013r030/subset/LT50130302003166LGS01/LT50130302003166LGS01_stack
2003182,LT5,/home/ceholden/Documents/landsat_stack/p013r030/subset/LT50130302003182LGS01/LT50130302003182LGS01_stack
2003198,LT5,/home/ceholden/Documents/landsat_stack/p013r030/subset/LT50130302003198GNC04/LT50130302003198GNC04_stack
2003206,LE7,/home/ceholden/Documents/landsat_stack/p013r030/subset/LE70130302003206EDC01/LE70130302003206EDC01_stack
2003230,LT5,/home/ceholden/Documents/landsat_stack/p013r030/subset/LT50130302003230LGS01/LT50130302003230LGS01_stack
2003238,LE7,/home/ceholden/Documents/landsat_stack/p013r030/subset/LE70130302003238EDC01/LE70130302003238EDC01_stack
2003286,LE7,/home/ceholden/Documents/landsat_stack/p013r030/subset/LE70130302003286EDC01/LE70130302003286EDC01_stack
2003318,LE7,/home/ceholden/Documents/landsat_stack/p013r030/subset/LE70130302003318EDC02/LE70130302003318EDC02_stack
2003326,LT5,/home/ceholden/Documents/landsat_stack/p013r030/subset/LT50130302003326GNC02/LT50130302003326GNC02_stack
2004009,LT5,/home/ceholden/Documents/landsat_stack/p013r030/subset/LT50130302004009GNC02/LT50130302004009GNC02_stack
2004017,LE7,/home/ceholden/Documents/landsat_stack/p013r030/subset/LE70130302004017EDC01/LE70130302004017EDC01_stack
2004025,LT5,/home/ceholden/Documents/landsat_stack/p013r030/subset/LT50130302004025GNC03/LT50130302004025GNC03_stack
2004033,LE7,/home/ceholden/Documents/landsat_stack/p013r030/subset/LE70130302004033EDC01/LE70130302004033EDC01_stack
2004073,LT5,/home/ceholden/Documents/landsat_stack/p013r030/subset/LT50130302004073GNC02/LT50130302004073GNC02_stack
2004089,LT5,/home/ceholden/Documents/landsat_stack/p013r030/subset/LT50130302004089GNC02/LT50130302004089GNC02_stack
2004097,LE7,/home/ceholden/Documents/landsat_stack/p013r030/subset/LE70130302004097EDC02/LE70130302004097EDC02_stack
2004113,LE7,/home/ceholden/Documents/landsat_stack/p013r030/subset/LE70130302004113EDC01/LE70130302004113EDC01_stack
2004121,LT5,/home/ceholden/Documents/landsat_stack/p013r030/subset/LT50130302004121GNC02/LT50130302004121GNC02_stack
2004129,LE7,/home/ceholden/Documents/landsat_stack/p013r030/subset/LE70130302004129EDC02/LE70130302004129EDC02_stack
2004161,LE7,/home/ceholden/Documents/landsat_stack/p013r030/subset/LE70130302004161EDC01/LE70130302004161EDC01_stack
2004185,LT5,/home/ceholden/Documents/landsat_stack/p013r030/subset/LT50130302004185GNC02/LT50130302004185GNC02_stack
2004193,LE7,/home/ceholden/Documents/landsat_stack/p013r030/subset/LE70130302004193EDC02/LE70130302004193EDC02_stack
2004217,LT5,/home/ceholden/Documents/landsat_stack/p013r030/subset/LT50130302004217GNC02/LT50130302004217GNC02_stack
2004233,LT5,/home/ceholden/Documents/landsat_stack/p013r030/subset/LT50130302004233GNC01/LT50130302004233GNC01_stack
2004241,LE7,/home/ceholden/Documents/landsat_stack/p013r030/subset/LE70130302004241EDC02/LE70130302004241EDC02_stack
2004257,LE7,/home/ceholden/Documents/landsat_stack/p013r030/subset/LE70130302004257EDC02/LE70130302004257EDC02_stack
2004281,LT5,/home/ceholden/Documents/landsat_stack/p013r030/subset/LT50130302004281GNC01/LT50130302004281GNC01_stack
2004313,LT5,/home/ceholden/Documents/landsat_stack/p013r030/subset/LT50130302004313GNC01/LT50130302004313GNC01_stack
2004353,LE7,/home/ceholden/Documents/landsat_stack/p013r030/subset/LE70130302004353EDC00/LE70130302004353EDC00_stack
2005051,LE7,/home/ceholden/Documents/landsat_stack/p013r030/subset/LE70130302005051EDC00/LE70130302005051EDC00_stack
2005099,LE7,/home/ceholden/Documents/landsat_stack/p013r030/subset/LE70130302005099EDC00/LE70130302005099EDC00_stack
2005107,LT5,/home/ceholden/Documents/landsat_stack/p013r030/subset/LT50130302005107GNC01/LT50130302005107GNC01_stack
2005123,LT5,/home/ceholden/Documents/landsat_stack/p013r030/subset/LT50130302005123GNC01/LT50130302005123GNC01_stack
2005131,LE7,/home/ceholden/Documents/landsat_stack/p013r030/subset/LE70130302005131EDC00/LE70130302005131EDC00_stack
2005139,LT5,/home/ceholden/Documents/landsat_stack/p013r030/subset/LT50130302005139GNC01/LT50130302005139GNC01_stack
2005155,LT5,/home/ceholden/Documents/landsat_stack/p013r030/subset/LT50130302005155GNC01/LT50130302005155GNC01_stack
2005171,LT5,/home/ceholden/Documents/landsat_stack/p013r030/subset/LT50130302005171GNC01/LT50130302005171GNC01_stack
2005195,LE7,/home/ceholden/Documents/landsat_stack/p013r030/subset/LE70130302005195EDC00/LE70130302005195EDC00_stack
2005211,LE7,/home/ceholden/Documents/landsat_stack/p013r030/subset/LE70130302005211EDC00/LE70130302005211EDC00_stack
2005219,LT5,/home/ceholden/Documents/landsat_stack/p013r030/subset/LT50130302005219GNC01/LT50130302005219GNC01_stack
2005235,LT5,/home/ceholden/Documents/landsat_stack/p013r030/subset/LT50130302005235GNC02/LT50130302005235GNC02_stack
2005251,LT5,/home/ceholden/Documents/landsat_stack/p013r030/subset/LT50130302005251GNC01/LT50130302005251GNC01_stack
2005267,LT5,/home/ceholden/Documents/landsat_stack/p013r030/subset/LT50130302005267GNC01/LT50130302005267GNC01_stack
2005275,LE7,/home/ceholden/Documents/landsat_stack/p013r030/subset/LE70130302005275EDC00/LE70130302005275EDC00_stack
2005307,LE7,/home/ceholden/Documents/landsat_stack/p013r030/subset/LE70130302005307EDC00/LE70130302005307EDC00_stack
2005315,LT5,/home/ceholden/Documents/landsat_stack/p013r030/subset/LT50130302005315GNC01/LT50130302005315GNC01_stack
2005323,LE7,/home/ceholden/Documents/landsat_stack/p013r030/subset/LE70130302005323EDC00/LE70130302005323EDC00_stack
2005339,LE7,/home/ceholden/Documents/landsat_stack/p013r030/subset/LE70130302005339EDC00/LE70130302005339EDC00_stack
2006022,LE7,/home/ceholden/Documents/landsat_stack/p013r030/subset/LE70130302006022EDC00/LE70130302006022EDC00_stack
2006070,LE7,/home/ceholden/Documents/landsat_stack/p013r030/subset/LE70130302006070EDC00/LE70130302006070EDC00_stack
2006086,LE7,/home/ceholden/Documents/landsat_stack/p013r030/subset/LE70130302006086EDC00/LE70130302006086EDC00_stack
2006102,LE7,/home/ceholden/Documents/landsat_stack/p013r030/subset/LE70130302006102EDC00/LE70130302006102EDC00_stack
2006110,LT5,/home/ceholden/Documents/landsat_stack/p013r030/subset/LT50130302006110GNC01/LT50130302006110GNC01_stack
2006118,LE7,/home/ceholden/Documents/landsat_stack/p013r030/subset/LE70130302006118EDC00/LE70130302006118EDC00_stack
2006142,LT5,/home/ceholden/Documents/landsat_stack/p013r030/subset/LT50130302006142EDC00/LT50130302006142EDC00_stack
2006150,LE7,/home/ceholden/Documents/landsat_stack/p013r030/subset/LE70130302006150EDC00/LE70130302006150EDC00_stack
2006166,LE7,/home/ceholden/Documents/landsat_stack/p013r030/subset/LE70130302006166EDC00/LE70130302006166EDC00_stack
2006182,LE7,/home/ceholden/Documents/landsat_stack/p013r030/subset/LE70130302006182EDC00/LE70130302006182EDC00_stack
2006190,LT5,/home/ceholden/Documents/landsat_stack/p013r030/subset/LT50130302006190GNC02/LT50130302006190GNC02_stack
2006198,LE7,/home/ceholden/Documents/landsat_stack/p013r030/subset/LE70130302006198EDC00/LE70130302006198EDC00_stack
2006206,LT5,/home/ceholden/Documents/landsat_stack/p013r030/subset/LT50130302006206GNC01/LT50130302006206GNC01_stack
2006214,LE7,/home/ceholden/Documents/landsat_stack/p013r030/subset/LE70130302006214EDC00/LE70130302006214EDC00_stack
2006222,LT5,/home/ceholden/Documents/landsat_stack/p013r030/subset/LT50130302006222GNC01/LT50130302006222GNC01_stack
2006254,LT5,/home/ceholden/Documents/landsat_stack/p013r030/subset/LT50130302006254GNC01/LT50130302006254GNC01_stack
2006262,LE7,/home/ceholden/Documents/landsat_stack/p013r030/subset/LE70130302006262EDC00/LE70130302006262EDC00_stack
2006270,LT5,/home/ceholden/Documents/landsat_stack/p013r030/subset/LT50130302006270GNC01/LT50130302006270GNC01_stack
2006278,LE7,/home/ceholden/Documents/landsat_stack/p013r030/subset/LE70130302006278EDC00/LE70130302006278EDC00_stack
2006286,LT5,/home/ceholden/Documents/landsat_stack/p013r030/subset/LT50130302006286GNC01/LT50130302006286GNC01_stack
2006294,LE7,/home/ceholden/Documents/landsat_stack/p013r030/subset/LE70130302006294EDC00/LE70130302006294EDC00_stack
2006310,LE7,/home/ceholden/Documents/landsat_stack/p013r030/subset/LE70130302006310EDC00/LE70130302006310EDC00_stack
2007009,LE7,/home/ceholden/Documents/landsat_stack/p013r030/subset/LE70130302007009EDC00/LE70130302007009EDC00_stack
2007017,LT5,/home/ceholden/Documents/landsat_stack/p013r030/subset/LT50130302007017GNC01/LT50130302007017GNC01_stack
2007025,LE7,/home/ceholden/Documents/landsat_stack/p013r030/subset/LE70130302007025EDC00/LE70130302007025EDC00_stack
2007089,LE7,/home/ceholden/Documents/landsat_stack/p013r030/subset/LE70130302007089EDC00/LE70130302007089EDC00_stack
2007113,LT5,/home/ceholden/Documents/landsat_stack/p013r030/subset/LT50130302007113GNC01/LT50130302007113GNC01_stack
2007121,LE7,/home/ceholden/Documents/landsat_stack/p013r030/subset/LE70130302007121EDC00/LE70130302007121EDC00_stack
2007129,LT5,/home/ceholden/Documents/landsat_stack/p013r030/subset/LT50130302007129GNC01/LT50130302007129GNC01_stack
2007145,LT5,/home/ceholden/Documents/landsat_stack/p013r030/subset/LT50130302007145GNC01/LT50130302007145GNC01_stack
2007153,LE7,/home/ceholden/Documents/landsat_stack/p013r030/subset/LE70130302007153EDC00/LE70130302007153EDC00_stack
2007169,LE7,/home/ceholden/Documents/landsat_stack/p013r030/subset/LE70130302007169EDC00/LE70130302007169EDC00_stack
2007177,LT5,/home/ceholden/Documents/landsat_stack/p013r030/subset/LT50130302007177GNC01/LT50130302007177GNC01_stack
2007193,LT5,/home/ceholden/Documents/landsat_stack/p013r030/subset/LT50130302007193GNC01/LT50130302007193GNC01_stack
2007201,LE7,/home/ceholden/Documents/landsat_stack/p013r030/subset/LE70130302007201EDC00/LE70130302007201EDC00_stack
2007217,LE7,/home/ceholden/Documents/landsat_stack/p013r030/subset/LE70130302007217EDC00/LE70130302007217EDC00_stack
2007225,LT5,/home/ceholden/Documents/landsat_stack/p013r030/subset/LT50130302007225GNC01/LT50130302007225GNC01_stack
2007233,LE7,/home/ceholden/Documents/landsat_stack/p013r030/subset/LE70130302007233EDC00/LE70130302007233EDC00_stack
2007241,LT5,/home/ceholden/Documents/landsat_stack/p013r030/subset/LT50130302007241GNC01/LT50130302007241GNC01_stack
2007249,LE7,/home/ceholden/Documents/landsat_stack/p013r030/subset/LE70130302007249EDC00/LE70130302007249EDC00_stack
2007257,LT5,/home/ceholden/Documents/landsat_stack/p013r030/subset/LT50130302007257GNC01/LT50130302007257GNC01_stack
2007265,LE7,/home/ceholden/Documents/landsat_stack/p013r030/subset/LE70130302007265EDC00/LE70130302007265EDC00_stack
2007313,LE7,/home/ceholden/Documents/landsat_stack/p013r030/subset/LE70130302007313EDC00/LE70130302007313EDC00_stack
2007329,LE7,/home/ceholden/Documents/landsat_stack/p013r030/subset/LE70130302007329EDC00/LE70130302007329EDC00_stack
2008028,LE7,/home/ceholden/Documents/landsat_stack/p013r030/subset/LE70130302008028EDC00/LE70130302008028EDC00_stack
2008084,LT5,/home/ceholden/Documents/landsat_stack/p013r030/subset/LT50130302008084GNC01/LT50130302008084GNC01_stack
2008108,LE7,/home/ceholden/Documents/landsat_stack/p013r030/subset/LE70130302008108EDC00/LE70130302008108EDC00_stack
2008116,LT5,/home/ceholden/Documents/landsat_stack/p013r030/subset/LT50130302008116GNC01/LT50130302008116GNC01_stack
2008132,LT5,/home/ceholden/Documents/landsat_stack/p013r030/subset/LT50130302008132EDC00/LT50130302008132EDC00_stack
2008148,LT5,/home/ceholden/Documents/landsat_stack/p013r030/subset/LT50130302008148GNC01/LT50130302008148GNC01_stack
2008164,LT5,/home/ceholden/Documents/landsat_stack/p013r030/subset/LT50130302008164GNC04/LT50130302008164GNC04_stack
2008188,LE7,/home/ceholden/Documents/landsat_stack/p013r030/subset/LE70130302008188EDC00/LE70130302008188EDC00_stack
2008212,LT5,/home/ceholden/Documents/landsat_stack/p013r030/subset/LT50130302008212GNC01/LT50130302008212GNC01_stack
2008228,LT5,/home/ceholden/Documents/landsat_stack/p013r030/subset/LT50130302008228GNC01/LT50130302008228GNC01_stack
2008236,LE7,/home/ceholden/Documents/landsat_stack/p013r030/subset/LE70130302008236EDC00/LE70130302008236EDC00_stack
2008244,LT5,/home/ceholden/Documents/landsat_stack/p013r030/subset/LT50130302008244GNC01/LT50130302008244GNC01_stack
2008252,LE7,/home/ceholden/Documents/landsat_stack/p013r030/subset/LE70130302008252EDC00/LE70130302008252EDC00_stack
2008260,LT5,/home/ceholden/Documents/landsat_stack/p013r030/subset/LT50130302008260EDC00/LT50130302008260EDC00_stack
2008268,LE7,/home/ceholden/Documents/landsat_stack/p013r030/subset/LE70130302008268EDC00/LE70130302008268EDC00_stack
2008284,LE7,/home/ceholden/Documents/landsat_stack/p013r030/subset/LE70130302008284EDC01/LE70130302008284EDC01_stack
2008292,LT5,/home/ceholden/Documents/landsat_stack/p013r030/subset/LT50130302008292GNC02/LT50130302008292GNC02_stack
2008300,LE7,/home/ceholden/Documents/landsat_stack/p013r030/subset/LE70130302008300EDC00/LE70130302008300EDC00_stack
2008332,LE7,/home/ceholden/Documents/landsat_stack/p013r030/subset/LE70130302008332EDC00/LE70130302008332EDC00_stack
2008348,LE7,/home/ceholden/Documents/landsat_stack/p013r030/subset/LE70130302008348EDC00/LE70130302008348EDC00_stack
2009086,LT5,/home/ceholden/Documents/landsat_stack/p013r030/subset/LT50130302009086GNC01/LT50130302009086GNC01_stack
2009102,LT5,/home/ceholden/Documents/landsat_stack/p013r030/subset/LT50130302009102GNC01/LT50130302009102GNC01_stack
2009118,LT5,/home/ceholden/Documents/landsat_stack/p013r030/subset/LT50130302009118GNC01/LT50130302009118GNC01_stack
2009142,LE7,/home/ceholden/Documents/landsat_stack/p013r030/subset/LE70130302009142EDC00/LE70130302009142EDC00_stack
2009150,LT5,/home/ceholden/Documents/landsat_stack/p013r030/subset/LT50130302009150EDC00/LT50130302009150EDC00_stack
2009158,LE7,/home/ceholden/Documents/landsat_stack/p013r030/subset/LE70130302009158EDC00/LE70130302009158EDC00_stack
2009174,LE7,/home/ceholden/Documents/landsat_stack/p013r030/subset/LE70130302009174EDC00/LE70130302009174EDC00_stack
2009198,LT5,/home/ceholden/Documents/landsat_stack/p013r030/subset/LT50130302009198GNC01/LT50130302009198GNC01_stack
2009206,LE7,/home/ceholden/Documents/landsat_stack/p013r030/subset/LE70130302009206EDC00/LE70130302009206EDC00_stack
2009230,LT5,/home/ceholden/Documents/landsat_stack/p013r030/subset/LT50130302009230GNC01/LT50130302009230GNC01_stack
2009238,LE7,/home/ceholden/Documents/landsat_stack/p013r030/subset/LE70130302009238EDC00/LE70130302009238EDC00_stack
2009246,LT5,/home/ceholden/Documents/landsat_stack/p013r030/subset/LT50130302009246GNC01/LT50130302009246GNC01_stack
2009254,LE7,/home/ceholden/Documents/landsat_stack/p013r030/subset/LE70130302009254EDC00/LE70130302009254EDC00_stack
2009262,LT5,/home/ceholden/Documents/landsat_stack/p013r030/subset/LT50130302009262GNC01/LT50130302009262GNC01_stack
2009294,LT5,/home/ceholden/Documents/landsat_stack/p013r030/subset/LT50130302009294GNC01/LT50130302009294GNC01_stack
2009302,LE7,/home/ceholden/Documents/landsat_stack/p013r030/subset/LE70130302009302EDC00/LE70130302009302EDC00_stack
2009326,LT5,/home/ceholden/Documents/landsat_stack/p013r030/subset/LT50130302009326GNC01/LT50130302009326GNC01_stack
2009350,LE7,/home/ceholden/Documents/landsat_stack/p013r030/subset/LE70130302009350EDC00/LE70130302009350EDC00_stack
2010065,LE7,/home/ceholden/Documents/landsat_stack/p013r030/subset/LE70130302010065EDC00/LE70130302010065EDC00_stack
2010097,LE7,/home/ceholden/Documents/landsat_stack/p013r030/subset/LE70130302010097EDC00/LE70130302010097EDC00_stack
2010105,LT5,/home/ceholden/Documents/landsat_stack/p013r030/subset/LT50130302010105GNC02/LT50130302010105GNC02_stack
2010113,LE7,/home/ceholden/Documents/landsat_stack/p013r030/subset/LE70130302010113EDC00/LE70130302010113EDC00_stack
2010121,LT5,/home/ceholden/Documents/landsat_stack/p013r030/subset/LT50130302010121GNC01/LT50130302010121GNC01_stack
2010137,LT5,/home/ceholden/Documents/landsat_stack/p013r030/subset/LT50130302010137GNC01/LT50130302010137GNC01_stack
2010145,LE7,/home/ceholden/Documents/landsat_stack/p013r030/subset/LE70130302010145EDC00/LE70130302010145EDC00_stack
2010153,LT5,/home/ceholden/Documents/landsat_stack/p013r030/subset/LT50130302010153GNC01/LT50130302010153GNC01_stack
2010169,LT5,/home/ceholden/Documents/landsat_stack/p013r030/subset/LT50130302010169GNC01/LT50130302010169GNC01_stack
2010185,LT5,/home/ceholden/Documents/landsat_stack/p013r030/subset/LT50130302010185EDC00/LT50130302010185EDC00_stack
2010193,LE7,/home/ceholden/Documents/landsat_stack/p013r030/subset/LE70130302010193EDC00/LE70130302010193EDC00_stack
2010209,LE7,/home/ceholden/Documents/landsat_stack/p013r030/subset/LE70130302010209EDC00/LE70130302010209EDC00_stack
2010225,LE7,/home/ceholden/Documents/landsat_stack/p013r030/subset/LE70130302010225EDC00/LE70130302010225EDC00_stack
2010233,LT5,/home/ceholden/Documents/landsat_stack/p013r030/subset/LT50130302010233EDC00/LT50130302010233EDC00_stack
2010241,LE7,/home/ceholden/Documents/landsat_stack/p013r030/subset/LE70130302010241EDC00/LE70130302010241EDC00_stack
2010249,LT5,/home/ceholden/Documents/landsat_stack/p013r030/subset/LT50130302010249EDC00/LT50130302010249EDC00_stack
2010257,LE7,/home/ceholden/Documents/landsat_stack/p013r030/subset/LE70130302010257EDC00/LE70130302010257EDC00_stack
2010265,LT5,/home/ceholden/Documents/landsat_stack/p013r030/subset/LT50130302010265EDC00/LT50130302010265EDC00_stack
2010281,LT5,/home/ceholden/Documents/landsat_stack/p013r030/subset/LT50130302010281GNC01/LT50130302010281GNC01_stack
2010305,LE7,/home/ceholden/Documents/landsat_stack/p013r030/subset/LE70130302010305EDC00/LE70130302010305EDC00_stack
2010345,LT5,/home/ceholden/Documents/landsat_stack/p013r030/subset/LT50130302010345EDC00/LT50130302010345EDC00_stack
2010353,LE7,/home/ceholden/Documents/landsat_stack/p013r030/subset/LE70130302010353EDC00/LE70130302010353EDC00_stack
2011108,LT5,/home/ceholden/Documents/landsat_stack/p013r030/subset/LT50130302011108EDC00/LT50130302011108EDC00_stack
2011132,LE7,/home/ceholden/Documents/landsat_stack/p013r030/subset/LE70130302011132EDC00/LE70130302011132EDC00_stack
2011156,LT5,/home/ceholden/Documents/landsat_stack/p013r030/subset/LT50130302011156GNC01/LT50130302011156GNC01_stack
2011172,LT5,/home/ceholden/Documents/landsat_stack/p013r030/subset/LT50130302011172GNC01/LT50130302011172GNC01_stack
2011180,LE7,/home/ceholden/Documents/landsat_stack/p013r030/subset/LE70130302011180EDC00/LE70130302011180EDC00_stack
2011188,LT5,/home/ceholden/Documents/landsat_stack/p013r030/subset/LT50130302011188GNC01/LT50130302011188GNC01_stack
2011196,LE7,/home/ceholden/Documents/landsat_stack/p013r030/subset/LE70130302011196EDC00/LE70130302011196EDC00_stack
2011204,LT5,/home/ceholden/Documents/landsat_stack/p013r030/subset/LT50130302011204GNC01/LT50130302011204GNC01_stack
2011212,LE7,/home/ceholden/Documents/landsat_stack/p013r030/subset/LE70130302011212EDC00/LE70130302011212EDC00_stack
2011220,LT5,/home/ceholden/Documents/landsat_stack/p013r030/subset/LT50130302011220GNC01/LT50130302011220GNC01_stack
2011236,LT5,/home/ceholden/Documents/landsat_stack/p013r030/subset/LT50130302011236EDC00/LT50130302011236EDC00_stack
2011244,LE7,/home/ceholden/Documents/landsat_stack/p013r030/subset/LE70130302011244EDC00/LE70130302011244EDC00_stack
2011252,LT5,/home/ceholden/Documents/landsat_stack/p013r030/subset/LT50130302011252EDC00/LT50130302011252EDC00_stack
2011260,LE7,/home/ceholden/Documents/landsat_stack/p013r030/subset/LE70130302011260EDC00/LE70130302011260EDC00_stack
2011268,LT5,/home/ceholden/Documents/landsat_stack/p013r030/subset/LT50130302011268GNC01/LT50130302011268GNC01_stack
2011284,LT5,/home/ceholden/Documents/landsat_stack/p013r030/subset/LT50130302011284GNC01/LT50130302011284GNC01_stack
2011308,LE7,/home/ceholden/Documents/landsat_stack/p013r030/subset/LE70130302011308EDC00/LE70130302011308EDC00_stack
2011316,LT5,/home/ceholden/Documents/landsat_stack/p013r030/subset/LT50130302011316GNC01/LT50130302011316GNC01_stack
2011324,LE7,/home/ceholden/Documents/landsat_stack/p013r030/subset/LE70130302011324EDC00/LE70130302011324EDC00_stack
2011356,LE7,/home/ceholden/Documents/landsat_stack/p013r030/subset/LE70130302011356EDC00/LE70130302011356EDC00_stack
2012007,LE7,/home/ceholden/Documents/landsat_stack/p013r030/subset/LE70130302012007EDC00/LE70130302012007EDC00_stack
2012039,LE7,/home/ceholden/Documents/landsat_stack/p013r030/subset/LE70130302012039EDC00/LE70130302012039EDC00_stack
2012071,LE7,/home/ceholden/Documents/landsat_stack/p013r030/subset/LE70130302012071EDC00/LE70130302012071EDC00_stack
2012103,LE7,/home/ceholden/Documents/landsat_stack/p013r030/subset/LE70130302012103EDC00/LE70130302012103EDC00_stack
2012119,LE7,/home/ceholden/Documents/landsat_stack/p013r030/subset/LE70130302012119EDC00/LE70130302012119EDC00_stack
2012167,LE7,/home/ceholden/Documents/landsat_stack/p013r030/subset/LE70130302012167EDC00/LE70130302012167EDC00_stack
2012199,LE7,/home/ceholden/Documents/landsat_stack/p013r030/subset/LE70130302012199EDC00/LE70130302012199EDC00_stack
2012215,LE7,/home/ceholden/Documents/landsat_stack/p013r030/subset/LE70130302012215EDC00/LE70130302012215EDC00_stack
2012231,LE7,/home/ceholden/Documents/landsat_stack/p013r030/subset/LE70130302012231EDC00/LE70130302012231EDC00_stack
2012247,LE7,/home/ceholden/Documents/landsat_stack/p013r030/subset/LE70130302012247EDC00/LE70130302012247EDC00_stack
2012263,LE7,/home/ceholden/Documents/landsat_stack/p013r030/subset/LE70130302012263EDC00/LE70130302012263EDC00_stack
2012279,LE7,/home/ceholden/Documents/landsat_stack/p013r030/subset/LE70130302012279EDC00/LE70130302012279EDC00_stack
2012295,LE7,/home/ceholden/Documents/landsat_stack/p013r030/subset/LE70130302012295EDC00/LE70130302012295EDC00_stack
2012311,LE7,/home/ceholden/Documents/landsat_stack/p013r030/subset/LE70130302012311EDC00/LE70130302012311EDC00_stack
2012327,LE7,/home/ceholden/Documents/landsat_stack/p013r030/subset/LE70130302012327EDC00/LE70130302012327EDC00_stack
2012359,LE7,/home/ceholden/Documents/landsat_stack/p013r030/subset/LE70130302012359EDC00/LE70130302012359EDC00_stack
2013089,LE7,/home/ceholden/Documents/landsat_stack/p013r030/subset/LE70130302013089EDC00/LE70130302013089EDC00_stack
2013121,LE7,/home/ceholden/Documents/landsat_stack/p013r030/subset/LE70130302013121EDC00/LE70130302013121EDC00_stack
2013137,LE7,/home/ceholden/Documents/landsat_stack/p013r030/subset/LE70130302013137EDC00/LE70130302013137EDC00_stack
2013153,LE7,/home/ceholden/Documents/landsat_stack/p013r030/subset/LE70130302013153EDC00/LE70130302013153EDC00_stack
2013185,LE7,/home/ceholden/Documents/landsat_stack/p013r030/subset/LE70130302013185EDC00/LE70130302013185EDC00_stack
2013201,LE7,/home/ceholden/Documents/landsat_stack/p013r030/subset/LE70130302013201EDC00/LE70130302013201EDC00_stack
2013217,LE7,/home/ceholden/Documents/landsat_stack/p013r030/subset/LE70130302013217EDC00/LE70130302013217EDC00_stack
2013233,LE7,/home/ceholden/Documents/landsat_stack/p013r030/subset/LE70130302013233EDC00/LE70130302013233EDC00_stack
2013249,LE7,/home/ceholden/Documents/landsat_stack/p013r030/subset/LE70130302013249EDC00/LE70130302013249EDC00_stack
2013265,LE7,/home/ceholden/Documents/landsat_stack/p013r030/subset/LE70130302013265EDC00/LE70130302013265EDC00_stack
2013281,LE7,/home/ceholden/Documents/landsat_stack/p013r030/subset/LE70130302013281EDC00/LE70130302013281EDC00_stack
2013297,LE7,/home/ceholden/Documents/landsat_stack/p013r030/subset/LE70130302013297EDC00/LE70130302013297EDC00_stack
2013313,LE7,/home/ceholden/Documents/landsat_stack/p013r030/subset/LE70130302013313EDC00/LE70130302013313EDC00_stack
2013329,LE7,/home/ceholden/Documents/landsat_stack/p013r030/subset/LE70130302013329EDC00/LE70130302013329EDC00_stack
2014140,LE7,/home/ceholden/Documents/landsat_stack/p013r030/subset/LE70130302014140EDC00/LE70130302014140EDC00_stack
2014172,LE7,/home/ceholden/Documents/landsat_stack/p013r030/subset/LE70130302014172EDC00/LE70130302014172EDC00_stack
2014188,LE7,/home/ceholden/Documents/landsat_stack/p013r030/subset/LE70130302014188EDC00/LE70130302014188EDC00_stack
2014204,LE7,/home/ceholden/Documents/landsat_stack/p013r030/subset/LE70130302014204EDC00/LE70130302014204EDC00_stack
2014220,LE7,/home/ceholden/Documents/landsat_stack/p013r030/subset/LE70130302014220EDC01/LE70130302014220EDC01_stack
2014236,LE7,/home/ceholden/Documents/landsat_stack/p013r030/subset/LE70130302014236EDC00/LE70130302014236EDC00_stack
