date,sensor,filename
1984108,LT5,/home/ceholden/Documents/landsat_stack/p035r032/images/LT50350321984108XXX01/LT50350321984108XXX01_stack.gtif
1984140,LT5,/home/ceholden/Documents/landsat_stack/p035r032/images/LT50350321984140PAC00/LT50350321984140PAC00_stack.gtif
1984156,LT5,/home/ceholden/Documents/landsat_stack/p035r032/images/LT50350321984156PAC00/LT50350321984156PAC00_stack.gtif
1984172,LT5,/home/ceholden/Documents/landsat_stack/p035r032/images/LT50350321984172XXX04/LT50350321984172XXX04_stack.gtif
1984188,LT5,/home/ceholden/Documents/landsat_stack/p035r032/images/LT50350321984188XXX03/LT50350321984188XXX03_stack.gtif
1984252,LT5,/home/ceholden/Documents/landsat_stack/p035r032/images/LT50350321984252XXX03/LT50350321984252XXX03_stack.gtif
1985206,LT5,/home/ceholden/Documents/landsat_stack/p035r032/images/LT50350321985206XXX02/LT50350321985206XXX02_stack.gtif
1985238,LT5,/home/ceholden/Documents/landsat_stack/p035r032/images/LT50350321985238XXX08/LT50350321985238XXX08_stack.gtif
1985270,LT5,/home/ceholden/Documents/landsat_stack/p035r032/images/LT50350321985270XXX03/LT50350321985270XXX03_stack.gtif
1985302,LT5,/home/ceholden/Documents/landsat_stack/p035r032/images/LT50350321985302XXX04/LT50350321985302XXX04_stack.gtif
1986065,LT5,/home/ceholden/Documents/landsat_stack/p035r032/images/LT50350321986065XXX03/LT50350321986065XXX03_stack.gtif
1986097,LT5,/home/ceholden/Documents/landsat_stack/p035r032/images/LT50350321986097XXX03/LT50350321986097XXX03_stack.gtif
1986113,LT5,/home/ceholden/Documents/landsat_stack/p035r032/images/LT50350321986113XXX03/LT50350321986113XXX03_stack.gtif
1986145,LT5,/home/ceholden/Documents/landsat_stack/p035r032/images/LT50350321986145XXX03/LT50350321986145XXX03_stack.gtif
1986177,LT5,/home/ceholden/Documents/landsat_stack/p035r032/images/LT50350321986177XXX03/LT50350321986177XXX03_stack.gtif
1986193,LT5,/home/ceholden/Documents/landsat_stack/p035r032/images/LT50350321986193XXX03/LT50350321986193XXX03_stack.gtif
1986209,LT5,/home/ceholden/Documents/landsat_stack/p035r032/images/LT50350321986209XXX05/LT50350321986209XXX05_stack.gtif
1986225,LT5,/home/ceholden/Documents/landsat_stack/p035r032/images/LT50350321986225XXX04/LT50350321986225XXX04_stack.gtif
1986257,LT5,/home/ceholden/Documents/landsat_stack/p035r032/images/LT50350321986257XXX02/LT50350321986257XXX02_stack.gtif
1986289,LT5,/home/ceholden/Documents/landsat_stack/p035r032/images/LT50350321986289XXX04/LT50350321986289XXX04_stack.gtif
1987116,LT5,/home/ceholden/Documents/landsat_stack/p035r032/images/LT50350321987116XXX07/LT50350321987116XXX07_stack.gtif
1987132,LT5,/home/ceholden/Documents/landsat_stack/p035r032/images/LT50350321987132XXX02/LT50350321987132XXX02_stack.gtif
1987148,LT5,/home/ceholden/Documents/landsat_stack/p035r032/images/LT50350321987148XXX02/LT50350321987148XXX02_stack.gtif
1987164,LT5,/home/ceholden/Documents/landsat_stack/p035r032/images/LT50350321987164XXX02/LT50350321987164XXX02_stack.gtif
1987196,LT5,/home/ceholden/Documents/landsat_stack/p035r032/images/LT50350321987196XXX19/LT50350321987196XXX19_stack.gtif
1987228,LT5,/home/ceholden/Documents/landsat_stack/p035r032/images/LT50350321987228XXX02/LT50350321987228XXX02_stack.gtif
1987244,LT5,/home/ceholden/Documents/landsat_stack/p035r032/images/LT50350321987244XXX02/LT50350321987244XXX02_stack.gtif
1987260,LT5,/home/ceholden/Documents/landsat_stack/p035r032/images/LT50350321987260XXX02/LT50350321987260XXX02_stack.gtif
1987276,LT5,/home/ceholden/Documents/landsat_stack/p035r032/images/LT50350321987276XXX03/LT50350321987276XXX03_stack.gtif
1987292,LT5,/home/ceholden/Documents/landsat_stack/p035r032/images/LT50350321987292XXX03/LT50350321987292XXX03_stack.gtif
1987300,LT4,/home/ceholden/Documents/landsat_stack/p035r032/images/LT40350321987300XXX03/LT40350321987300XXX03_stack.gtif
1988087,LT5,/home/ceholden/Documents/landsat_stack/p035r032/images/LT50350321988087XXX05/LT50350321988087XXX05_stack.gtif
1988103,LT5,/home/ceholden/Documents/landsat_stack/p035r032/images/LT50350321988103XXX03/LT50350321988103XXX03_stack.gtif
1988135,LT5,/home/ceholden/Documents/landsat_stack/p035r032/images/LT50350321988135XXX03/LT50350321988135XXX03_stack.gtif
1988167,LT5,/home/ceholden/Documents/landsat_stack/p035r032/images/LT50350321988167XXX03/LT50350321988167XXX03_stack.gtif
1988183,LT5,/home/ceholden/Documents/landsat_stack/p035r032/images/LT50350321988183XXX03/LT50350321988183XXX03_stack.gtif
1988199,LT5,/home/ceholden/Documents/landsat_stack/p035r032/images/LT50350321988199XXX03/LT50350321988199XXX03_stack.gtif
1988215,LT5,/home/ceholden/Documents/landsat_stack/p035r032/images/LT50350321988215XXX03/LT50350321988215XXX03_stack.gtif
1988231,LT5,/home/ceholden/Documents/landsat_stack/p035r032/images/LT50350321988231XXX03/LT50350321988231XXX03_stack.gtif
1988247,LT5,/home/ceholden/Documents/landsat_stack/p035r032/images/LT50350321988247XXX03/LT50350321988247XXX03_stack.gtif
1988263,LT5,/home/ceholden/Documents/landsat_stack/p035r032/images/LT50350321988263XXX03/LT50350321988263XXX03_stack.gtif
1988279,LT5,/home/ceholden/Documents/landsat_stack/p035r032/images/LT50350321988279XXX03/LT50350321988279XXX03_stack.gtif
1988295,LT5,/home/ceholden/Documents/landsat_stack/p035r032/images/LT50350321988295XXX04/LT50350321988295XXX04_stack.gtif
1989121,LT5,/home/ceholden/Documents/landsat_stack/p035r032/images/LT50350321989121XXX02/LT50350321989121XXX02_stack.gtif
1989137,LT5,/home/ceholden/Documents/landsat_stack/p035r032/images/LT50350321989137XXX02/LT50350321989137XXX02_stack.gtif
1989153,LT5,/home/ceholden/Documents/landsat_stack/p035r032/images/LT50350321989153XXX02/LT50350321989153XXX02_stack.gtif
1989169,LT5,/home/ceholden/Documents/landsat_stack/p035r032/images/LT50350321989169XXX02/LT50350321989169XXX02_stack.gtif
1989177,LT4,/home/ceholden/Documents/landsat_stack/p035r032/images/LT40350321989177XXX02/LT40350321989177XXX02_stack.gtif
1989185,LT5,/home/ceholden/Documents/landsat_stack/p035r032/images/LT50350321989185AAA02/LT50350321989185AAA02_stack.gtif
1989201,LT5,/home/ceholden/Documents/landsat_stack/p035r032/images/LT50350321989201XXX02/LT50350321989201XXX02_stack.gtif
1989217,LT5,/home/ceholden/Documents/landsat_stack/p035r032/images/LT50350321989217XXX02/LT50350321989217XXX02_stack.gtif
1989233,LT5,/home/ceholden/Documents/landsat_stack/p035r032/images/LT50350321989233XXX02/LT50350321989233XXX02_stack.gtif
1989249,LT5,/home/ceholden/Documents/landsat_stack/p035r032/images/LT50350321989249XXX02/LT50350321989249XXX02_stack.gtif
1989265,LT5,/home/ceholden/Documents/landsat_stack/p035r032/images/LT50350321989265XXX03/LT50350321989265XXX03_stack.gtif
1989281,LT5,/home/ceholden/Documents/landsat_stack/p035r032/images/LT50350321989281XXX02/LT50350321989281XXX02_stack.gtif
1989297,LT5,/home/ceholden/Documents/landsat_stack/p035r032/images/LT50350321989297XXX02/LT50350321989297XXX02_stack.gtif
1990092,LT5,/home/ceholden/Documents/landsat_stack/p035r032/images/LT50350321990092XXX02/LT50350321990092XXX02_stack.gtif
1990108,LT5,/home/ceholden/Documents/landsat_stack/p035r032/images/LT50350321990108XXX02/LT50350321990108XXX02_stack.gtif
1990140,LT5,/home/ceholden/Documents/landsat_stack/p035r032/images/LT50350321990140XXX03/LT50350321990140XXX03_stack.gtif
1990156,LT5,/home/ceholden/Documents/landsat_stack/p035r032/images/LT50350321990156AAA03/LT50350321990156AAA03_stack.gtif
1990172,LT5,/home/ceholden/Documents/landsat_stack/p035r032/images/LT50350321990172XXX03/LT50350321990172XXX03_stack.gtif
1990236,LT5,/home/ceholden/Documents/landsat_stack/p035r032/images/LT50350321990236XXX03/LT50350321990236XXX03_stack.gtif
1990252,LT5,/home/ceholden/Documents/landsat_stack/p035r032/images/LT50350321990252XXX03/LT50350321990252XXX03_stack.gtif
1990284,LT5,/home/ceholden/Documents/landsat_stack/p035r032/images/LT50350321990284XXX03/LT50350321990284XXX03_stack.gtif
1990300,LT5,/home/ceholden/Documents/landsat_stack/p035r032/images/LT50350321990300XXX03/LT50350321990300XXX03_stack.gtif
1991159,LT5,/home/ceholden/Documents/landsat_stack/p035r032/images/LT50350321991159XXX02/LT50350321991159XXX02_stack.gtif
1991175,LT5,/home/ceholden/Documents/landsat_stack/p035r032/images/LT50350321991175XXX03/LT50350321991175XXX03_stack.gtif
1991223,LT5,/home/ceholden/Documents/landsat_stack/p035r032/images/LT50350321991223XXX03/LT50350321991223XXX03_stack.gtif
1991239,LT5,/home/ceholden/Documents/landsat_stack/p035r032/images/LT50350321991239XXX03/LT50350321991239XXX03_stack.gtif
1991255,LT5,/home/ceholden/Documents/landsat_stack/p035r032/images/LT50350321991255XXX02/LT50350321991255XXX02_stack.gtif
1991271,LT5,/home/ceholden/Documents/landsat_stack/p035r032/images/LT50350321991271XXX02/LT50350321991271XXX02_stack.gtif
1991287,LT5,/home/ceholden/Documents/landsat_stack/p035r032/images/LT50350321991287XXX02/LT50350321991287XXX02_stack.gtif
1992082,LT5,/home/ceholden/Documents/landsat_stack/p035r032/images/LT50350321992082XXX02/LT50350321992082XXX02_stack.gtif
1992098,LT5,/home/ceholden/Documents/landsat_stack/p035r032/images/LT50350321992098AAA03/LT50350321992098AAA03_stack.gtif
1992114,LT5,/home/ceholden/Documents/landsat_stack/p035r032/images/LT50350321992114AAA02/LT50350321992114AAA02_stack.gtif
1992146,LT5,/home/ceholden/Documents/landsat_stack/p035r032/images/LT50350321992146XXX02/LT50350321992146XXX02_stack.gtif
1992154,LT4,/home/ceholden/Documents/landsat_stack/p035r032/images/LT40350321992154XXX02/LT40350321992154XXX02_stack.gtif
1992162,LT5,/home/ceholden/Documents/landsat_stack/p035r032/images/LT50350321992162XXX02/LT50350321992162XXX02_stack.gtif
1992178,LT5,/home/ceholden/Documents/landsat_stack/p035r032/images/LT50350321992178XXX02/LT50350321992178XXX02_stack.gtif
1992186,LT4,/home/ceholden/Documents/landsat_stack/p035r032/images/LT40350321992186XXX02/LT40350321992186XXX02_stack.gtif
1992210,LT5,/home/ceholden/Documents/landsat_stack/p035r032/images/LT50350321992210XXX02/LT50350321992210XXX02_stack.gtif
1992226,LT5,/home/ceholden/Documents/landsat_stack/p035r032/images/LT50350321992226XXX02/LT50350321992226XXX02_stack.gtif
1992242,LT5,/home/ceholden/Documents/landsat_stack/p035r032/images/LT50350321992242XXX02/LT50350321992242XXX02_stack.gtif
1992258,LT5,/home/ceholden/Documents/landsat_stack/p035r032/images/LT50350321992258XXX02/LT50350321992258XXX02_stack.gtif
1992274,LT5,/home/ceholden/Documents/landsat_stack/p035r032/images/LT50350321992274XXX02/LT50350321992274XXX02_stack.gtif
1993084,LT5,/home/ceholden/Documents/landsat_stack/p035r032/images/LT50350321993084XXX02/LT50350321993084XXX02_stack.gtif
1993132,LT5,/home/ceholden/Documents/landsat_stack/p035r032/images/LT50350321993132XXX02/LT50350321993132XXX02_stack.gtif
1993148,LT5,/home/ceholden/Documents/landsat_stack/p035r032/images/LT50350321993148XXX02/LT50350321993148XXX02_stack.gtif
1993164,LT5,/home/ceholden/Documents/landsat_stack/p035r032/images/LT50350321993164XXX02/LT50350321993164XXX02_stack.gtif
1993180,LT5,/home/ceholden/Documents/landsat_stack/p035r032/images/LT50350321993180AAA02/LT50350321993180AAA02_stack.gtif
1993196,LT5,/home/ceholden/Documents/landsat_stack/p035r032/images/LT50350321993196XXX02/LT50350321993196XXX02_stack.gtif
1993212,LT5,/home/ceholden/Documents/landsat_stack/p035r032/images/LT50350321993212AAA02/LT50350321993212AAA02_stack.gtif
1993228,LT5,/home/ceholden/Documents/landsat_stack/p035r032/images/LT50350321993228XXX02/LT50350321993228XXX02_stack.gtif
1993244,LT5,/home/ceholden/Documents/landsat_stack/p035r032/images/LT50350321993244AAA02/LT50350321993244AAA02_stack.gtif
1993260,LT5,/home/ceholden/Documents/landsat_stack/p035r032/images/LT50350321993260XXX02/LT50350321993260XXX02_stack.gtif
1993276,LT5,/home/ceholden/Documents/landsat_stack/p035r032/images/LT50350321993276AAA02/LT50350321993276AAA02_stack.gtif
1993292,LT5,/home/ceholden/Documents/landsat_stack/p035r032/images/LT50350321993292XXX02/LT50350321993292XXX02_stack.gtif
1994071,LT5,/home/ceholden/Documents/landsat_stack/p035r032/images/LT50350321994071XXX02/LT50350321994071XXX02_stack.gtif
1994103,LT5,/home/ceholden/Documents/landsat_stack/p035r032/images/LT50350321994103XXX02/LT50350321994103XXX02_stack.gtif
1994151,LT5,/home/ceholden/Documents/landsat_stack/p035r032/images/LT50350321994151XXX02/LT50350321994151XXX02_stack.gtif
1994167,LT5,/home/ceholden/Documents/landsat_stack/p035r032/images/LT50350321994167XXX02/LT50350321994167XXX02_stack.gtif
1994199,LT5,/home/ceholden/Documents/landsat_stack/p035r032/images/LT50350321994199XXX02/LT50350321994199XXX02_stack.gtif
1994215,LT5,/home/ceholden/Documents/landsat_stack/p035r032/images/LT50350321994215XXX02/LT50350321994215XXX02_stack.gtif
1994247,LT5,/home/ceholden/Documents/landsat_stack/p035r032/images/LT50350321994247XXX02/LT50350321994247XXX02_stack.gtif
1994263,LT5,/home/ceholden/Documents/landsat_stack/p035r032/images/LT50350321994263XXX01/LT50350321994263XXX01_stack.gtif
1994295,LT5,/home/ceholden/Documents/landsat_stack/p035r032/images/LT50350321994295XXX02/LT50350321994295XXX02_stack.gtif
1994311,LT5,/home/ceholden/Documents/landsat_stack/p035r032/images/LT50350321994311XXX02/LT50350321994311XXX02_stack.gtif
1995106,LT5,/home/ceholden/Documents/landsat_stack/p035r032/images/LT50350321995106XXX02/LT50350321995106XXX02_stack.gtif
1995138,LT5,/home/ceholden/Documents/landsat_stack/p035r032/images/LT50350321995138XXX02/LT50350321995138XXX02_stack.gtif
1995154,LT5,/home/ceholden/Documents/landsat_stack/p035r032/images/LT50350321995154XXX01/LT50350321995154XXX01_stack.gtif
1995170,LT5,/home/ceholden/Documents/landsat_stack/p035r032/images/LT50350321995170XXX03/LT50350321995170XXX03_stack.gtif
1995186,LT5,/home/ceholden/Documents/landsat_stack/p035r032/images/LT50350321995186XXX02/LT50350321995186XXX02_stack.gtif
1995202,LT5,/home/ceholden/Documents/landsat_stack/p035r032/images/LT50350321995202XXX02/LT50350321995202XXX02_stack.gtif
1995218,LT5,/home/ceholden/Documents/landsat_stack/p035r032/images/LT50350321995218AAA02/LT50350321995218AAA02_stack.gtif
1995234,LT5,/home/ceholden/Documents/landsat_stack/p035r032/images/LT50350321995234XXX02/LT50350321995234XXX02_stack.gtif
1995250,LT5,/home/ceholden/Documents/landsat_stack/p035r032/images/LT50350321995250AAA01/LT50350321995250AAA01_stack.gtif
1995282,LT5,/home/ceholden/Documents/landsat_stack/p035r032/images/LT50350321995282XXX03/LT50350321995282XXX03_stack.gtif
1996125,LT5,/home/ceholden/Documents/landsat_stack/p035r032/images/LT50350321996125AAA01/LT50350321996125AAA01_stack.gtif
1996141,LT5,/home/ceholden/Documents/landsat_stack/p035r032/images/LT50350321996141XXX02/LT50350321996141XXX02_stack.gtif
1996157,LT5,/home/ceholden/Documents/landsat_stack/p035r032/images/LT50350321996157XXX02/LT50350321996157XXX02_stack.gtif
1996189,LT5,/home/ceholden/Documents/landsat_stack/p035r032/images/LT50350321996189XXX03/LT50350321996189XXX03_stack.gtif
1996221,LT5,/home/ceholden/Documents/landsat_stack/p035r032/images/LT50350321996221XXX01/LT50350321996221XXX01_stack.gtif
1996237,LT5,/home/ceholden/Documents/landsat_stack/p035r032/images/LT50350321996237XXX02/LT50350321996237XXX02_stack.gtif
1996253,LT5,/home/ceholden/Documents/landsat_stack/p035r032/images/LT50350321996253XXX01/LT50350321996253XXX01_stack.gtif
1996285,LT5,/home/ceholden/Documents/landsat_stack/p035r032/images/LT50350321996285XXX02/LT50350321996285XXX02_stack.gtif
1996317,LT5,/home/ceholden/Documents/landsat_stack/p035r032/images/LT50350321996317XXX02/LT50350321996317XXX02_stack.gtif
1996333,LT5,/home/ceholden/Documents/landsat_stack/p035r032/images/LT50350321996333XXX01/LT50350321996333XXX01_stack.gtif
1997079,LT5,/home/ceholden/Documents/landsat_stack/p035r032/images/LT50350321997079AAA02/LT50350321997079AAA02_stack.gtif
1997127,LT5,/home/ceholden/Documents/landsat_stack/p035r032/images/LT50350321997127XXX02/LT50350321997127XXX02_stack.gtif
1997143,LT5,/home/ceholden/Documents/landsat_stack/p035r032/images/LT50350321997143XXX02/LT50350321997143XXX02_stack.gtif
1997175,LT5,/home/ceholden/Documents/landsat_stack/p035r032/images/LT50350321997175AAA02/LT50350321997175AAA02_stack.gtif
1997207,LT5,/home/ceholden/Documents/landsat_stack/p035r032/images/LT50350321997207XXX01/LT50350321997207XXX01_stack.gtif
1997239,LT5,/home/ceholden/Documents/landsat_stack/p035r032/images/LT50350321997239AAA02/LT50350321997239AAA02_stack.gtif
1997255,LT5,/home/ceholden/Documents/landsat_stack/p035r032/images/LT50350321997255XXX02/LT50350321997255XXX02_stack.gtif
1997271,LT5,/home/ceholden/Documents/landsat_stack/p035r032/images/LT50350321997271AAA02/LT50350321997271AAA02_stack.gtif
1997287,LT5,/home/ceholden/Documents/landsat_stack/p035r032/images/LT50350321997287XXX02/LT50350321997287XXX02_stack.gtif
1998130,LT5,/home/ceholden/Documents/landsat_stack/p035r032/images/LT50350321998130AAA02/LT50350321998130AAA02_stack.gtif
1998146,LT5,/home/ceholden/Documents/landsat_stack/p035r032/images/LT50350321998146XXX02/LT50350321998146XXX02_stack.gtif
1998162,LT5,/home/ceholden/Documents/landsat_stack/p035r032/images/LT50350321998162AAA01/LT50350321998162AAA01_stack.gtif
1998178,LT5,/home/ceholden/Documents/landsat_stack/p035r032/images/LT50350321998178XXX02/LT50350321998178XXX02_stack.gtif
1998194,LT5,/home/ceholden/Documents/landsat_stack/p035r032/images/LT50350321998194XXX03/LT50350321998194XXX03_stack.gtif
1998226,LT5,/home/ceholden/Documents/landsat_stack/p035r032/images/LT50350321998226XXX02/LT50350321998226XXX02_stack.gtif
1998242,LT5,/home/ceholden/Documents/landsat_stack/p035r032/images/LT50350321998242AAA02/LT50350321998242AAA02_stack.gtif
1998338,LT5,/home/ceholden/Documents/landsat_stack/p035r032/images/LT50350321998338XXX02/LT50350321998338XXX02_stack.gtif
1999085,LT5,/home/ceholden/Documents/landsat_stack/p035r032/images/LT50350321999085XXX01/LT50350321999085XXX01_stack.gtif
1999101,LT5,/home/ceholden/Documents/landsat_stack/p035r032/images/LT50350321999101AAA02/LT50350321999101AAA02_stack.gtif
1999117,LT5,/home/ceholden/Documents/landsat_stack/p035r032/images/LT50350321999117AAA02/LT50350321999117AAA02_stack.gtif
1999149,LT5,/home/ceholden/Documents/landsat_stack/p035r032/images/LT50350321999149AAA01/LT50350321999149AAA01_stack.gtif
1999165,LT5,/home/ceholden/Documents/landsat_stack/p035r032/images/LT50350321999165XXX01/LT50350321999165XXX01_stack.gtif
1999181,LT5,/home/ceholden/Documents/landsat_stack/p035r032/images/LT50350321999181AAA02/LT50350321999181AAA02_stack.gtif
1999197,LT5,/home/ceholden/Documents/landsat_stack/p035r032/images/LT50350321999197XXX01/LT50350321999197XXX01_stack.gtif
1999205,LE7,/home/ceholden/Documents/landsat_stack/p035r032/images/LE70350321999205EDC00/LE70350321999205EDC00_stack.gtif
1999213,LT5,/home/ceholden/Documents/landsat_stack/p035r032/images/LT50350321999213AAA01/LT50350321999213AAA01_stack.gtif
1999221,LE7,/home/ceholden/Documents/landsat_stack/p035r032/images/LE70350321999221EDC00/LE70350321999221EDC00_stack.gtif
1999245,LT5,/home/ceholden/Documents/landsat_stack/p035r032/images/LT50350321999245XXX01/LT50350321999245XXX01_stack.gtif
1999253,LE7,/home/ceholden/Documents/landsat_stack/p035r032/images/LE70350321999253EDC00/LE70350321999253EDC00_stack.gtif
1999261,LT5,/home/ceholden/Documents/landsat_stack/p035r032/images/LT50350321999261XXX01/LT50350321999261XXX01_stack.gtif
1999269,LE7,/home/ceholden/Documents/landsat_stack/p035r032/images/LE70350321999269EDC00/LE70350321999269EDC00_stack.gtif
1999277,LT5,/home/ceholden/Documents/landsat_stack/p035r032/images/LT50350321999277AAA02/LT50350321999277AAA02_stack.gtif
1999285,LE7,/home/ceholden/Documents/landsat_stack/p035r032/images/LE70350321999285EDC00/LE70350321999285EDC00_stack.gtif
1999293,LT5,/home/ceholden/Documents/landsat_stack/p035r032/images/LT50350321999293AAA02/LT50350321999293AAA02_stack.gtif
1999309,LT5,/home/ceholden/Documents/landsat_stack/p035r032/images/LT50350321999309XXX02/LT50350321999309XXX02_stack.gtif
1999317,LE7,/home/ceholden/Documents/landsat_stack/p035r032/images/LE70350321999317EDC00/LE70350321999317EDC00_stack.gtif
1999333,LE7,/home/ceholden/Documents/landsat_stack/p035r032/images/LE70350321999333EDC00/LE70350321999333EDC00_stack.gtif
2000064,LE7,/home/ceholden/Documents/landsat_stack/p035r032/images/LE70350322000064EDC00/LE70350322000064EDC00_stack.gtif
2000096,LE7,/home/ceholden/Documents/landsat_stack/p035r032/images/LE70350322000096EDC00/LE70350322000096EDC00_stack.gtif
2000104,LT5,/home/ceholden/Documents/landsat_stack/p035r032/images/LT50350322000104AAA01/LT50350322000104AAA01_stack.gtif
2000112,LE7,/home/ceholden/Documents/landsat_stack/p035r032/images/LE70350322000112EDC00/LE70350322000112EDC00_stack.gtif
2000120,LT5,/home/ceholden/Documents/landsat_stack/p035r032/images/LT50350322000120XXX01/LT50350322000120XXX01_stack.gtif
2000144,LE7,/home/ceholden/Documents/landsat_stack/p035r032/images/LE70350322000144EDC00/LE70350322000144EDC00_stack.gtif
2000152,LT5,/home/ceholden/Documents/landsat_stack/p035r032/images/LT50350322000152XXX02/LT50350322000152XXX02_stack.gtif
2000160,LE7,/home/ceholden/Documents/landsat_stack/p035r032/images/LE70350322000160EDC00/LE70350322000160EDC00_stack.gtif
2000168,LT5,/home/ceholden/Documents/landsat_stack/p035r032/images/LT50350322000168XXX02/LT50350322000168XXX02_stack.gtif
2000176,LE7,/home/ceholden/Documents/landsat_stack/p035r032/images/LE70350322000176EDC00/LE70350322000176EDC00_stack.gtif
2000184,LT5,/home/ceholden/Documents/landsat_stack/p035r032/images/LT50350322000184XXX02/LT50350322000184XXX02_stack.gtif
2000192,LE7,/home/ceholden/Documents/landsat_stack/p035r032/images/LE70350322000192EDC00/LE70350322000192EDC00_stack.gtif
2000200,LT5,/home/ceholden/Documents/landsat_stack/p035r032/images/LT50350322000200XXX02/LT50350322000200XXX02_stack.gtif
2000208,LE7,/home/ceholden/Documents/landsat_stack/p035r032/images/LE70350322000208EDC00/LE70350322000208EDC00_stack.gtif
2000216,LT5,/home/ceholden/Documents/landsat_stack/p035r032/images/LT50350322000216XXX02/LT50350322000216XXX02_stack.gtif
2000224,LE7,/home/ceholden/Documents/landsat_stack/p035r032/images/LE70350322000224EDC00/LE70350322000224EDC00_stack.gtif
2000232,LT5,/home/ceholden/Documents/landsat_stack/p035r032/images/LT50350322000232XXX02/LT50350322000232XXX02_stack.gtif
2000240,LE7,/home/ceholden/Documents/landsat_stack/p035r032/images/LE70350322000240EDC00/LE70350322000240EDC00_stack.gtif
2000248,LT5,/home/ceholden/Documents/landsat_stack/p035r032/images/LT50350322000248XXX02/LT50350322000248XXX02_stack.gtif
2000256,LE7,/home/ceholden/Documents/landsat_stack/p035r032/images/LE70350322000256AGS00/LE70350322000256AGS00_stack.gtif
2000272,LE7,/home/ceholden/Documents/landsat_stack/p035r032/images/LE70350322000272EDC00/LE70350322000272EDC00_stack.gtif
2000280,LT5,/home/ceholden/Documents/landsat_stack/p035r032/images/LT50350322000280XXX03/LT50350322000280XXX03_stack.gtif
2000296,LT5,/home/ceholden/Documents/landsat_stack/p035r032/images/LT50350322000296XXX02/LT50350322000296XXX02_stack.gtif
2000304,LE7,/home/ceholden/Documents/landsat_stack/p035r032/images/LE70350322000304EDC00/LE70350322000304EDC00_stack.gtif
2001090,LT5,/home/ceholden/Documents/landsat_stack/p035r032/images/LT50350322001090AAA02/LT50350322001090AAA02_stack.gtif
2001106,LT5,/home/ceholden/Documents/landsat_stack/p035r032/images/LT50350322001106XXX02/LT50350322001106XXX02_stack.gtif
2001114,LE7,/home/ceholden/Documents/landsat_stack/p035r032/images/LE70350322001114EDC00/LE70350322001114EDC00_stack.gtif
2001130,LE7,/home/ceholden/Documents/landsat_stack/p035r032/images/LE70350322001130EDC00/LE70350322001130EDC00_stack.gtif
2001138,LT5,/home/ceholden/Documents/landsat_stack/p035r032/images/LT50350322001138XXX02/LT50350322001138XXX02_stack.gtif
2001146,LE7,/home/ceholden/Documents/landsat_stack/p035r032/images/LE70350322001146EDC00/LE70350322001146EDC00_stack.gtif
2001154,LT5,/home/ceholden/Documents/landsat_stack/p035r032/images/LT50350322001154XXX02/LT50350322001154XXX02_stack.gtif
2001162,LE7,/home/ceholden/Documents/landsat_stack/p035r032/images/LE70350322001162EDC00/LE70350322001162EDC00_stack.gtif
2001170,LT5,/home/ceholden/Documents/landsat_stack/p035r032/images/LT50350322001170XXX02/LT50350322001170XXX02_stack.gtif
2001178,LE7,/home/ceholden/Documents/landsat_stack/p035r032/images/LE70350322001178EDC00/LE70350322001178EDC00_stack.gtif
2001186,LT5,/home/ceholden/Documents/landsat_stack/p035r032/images/LT50350322001186LGS02/LT50350322001186LGS02_stack.gtif
2001194,LE7,/home/ceholden/Documents/landsat_stack/p035r032/images/LE70350322001194EDC00/LE70350322001194EDC00_stack.gtif
2001202,LT5,/home/ceholden/Documents/landsat_stack/p035r032/images/LT50350322001202LGS01/LT50350322001202LGS01_stack.gtif
2001210,LE7,/home/ceholden/Documents/landsat_stack/p035r032/images/LE70350322001210EDC00/LE70350322001210EDC00_stack.gtif
2001218,LT5,/home/ceholden/Documents/landsat_stack/p035r032/images/LT50350322001218LGS01/LT50350322001218LGS01_stack.gtif
2001234,LT5,/home/ceholden/Documents/landsat_stack/p035r032/images/LT50350322001234LGS01/LT50350322001234LGS01_stack.gtif
2001242,LE7,/home/ceholden/Documents/landsat_stack/p035r032/images/LE70350322001242EDC00/LE70350322001242EDC00_stack.gtif
2001250,LT5,/home/ceholden/Documents/landsat_stack/p035r032/images/LT50350322001250LGS01/LT50350322001250LGS01_stack.gtif
2001258,LE7,/home/ceholden/Documents/landsat_stack/p035r032/images/LE70350322001258EDC00/LE70350322001258EDC00_stack.gtif
2001266,LT5,/home/ceholden/Documents/landsat_stack/p035r032/images/LT50350322001266LGS01/LT50350322001266LGS01_stack.gtif
2001274,LE7,/home/ceholden/Documents/landsat_stack/p035r032/images/LE70350322001274EDC00/LE70350322001274EDC00_stack.gtif
2001290,LE7,/home/ceholden/Documents/landsat_stack/p035r032/images/LE70350322001290EDC00/LE70350322001290EDC00_stack.gtif
2001298,LT5,/home/ceholden/Documents/landsat_stack/p035r032/images/LT50350322001298LGS01/LT50350322001298LGS01_stack.gtif
2001306,LE7,/home/ceholden/Documents/landsat_stack/p035r032/images/LE70350322001306EDC00/LE70350322001306EDC00_stack.gtif
2001314,LT5,/home/ceholden/Documents/landsat_stack/p035r032/images/LT50350322001314LGS01/LT50350322001314LGS01_stack.gtif
2002101,LE7,/home/ceholden/Documents/landsat_stack/p035r032/images/LE70350322002101EDC02/LE70350322002101EDC02_stack.gtif
2002125,LT5,/home/ceholden/Documents/landsat_stack/p035r032/images/LT50350322002125LGS01/LT50350322002125LGS01_stack.gtif
2002133,LE7,/home/ceholden/Documents/landsat_stack/p035r032/images/LE70350322002133EDC00/LE70350322002133EDC00_stack.gtif
2002141,LT5,/home/ceholden/Documents/landsat_stack/p035r032/images/LT50350322002141LGS01/LT50350322002141LGS01_stack.gtif
2002149,LE7,/home/ceholden/Documents/landsat_stack/p035r032/images/LE70350322002149EDC00/LE70350322002149EDC00_stack.gtif
2002157,LT5,/home/ceholden/Documents/landsat_stack/p035r032/images/LT50350322002157LGS01/LT50350322002157LGS01_stack.gtif
2002165,LE7,/home/ceholden/Documents/landsat_stack/p035r032/images/LE70350322002165EDC00/LE70350322002165EDC00_stack.gtif
2002173,LT5,/home/ceholden/Documents/landsat_stack/p035r032/images/LT50350322002173LGS03/LT50350322002173LGS03_stack.gtif
2002181,LE7,/home/ceholden/Documents/landsat_stack/p035r032/images/LE70350322002181EDC00/LE70350322002181EDC00_stack.gtif
2002189,LT5,/home/ceholden/Documents/landsat_stack/p035r032/images/LT50350322002189LGS01/LT50350322002189LGS01_stack.gtif
2002197,LE7,/home/ceholden/Documents/landsat_stack/p035r032/images/LE70350322002197EDC00/LE70350322002197EDC00_stack.gtif
2002205,LT5,/home/ceholden/Documents/landsat_stack/p035r032/images/LT50350322002205LGS01/LT50350322002205LGS01_stack.gtif
2002213,LE7,/home/ceholden/Documents/landsat_stack/p035r032/images/LE70350322002213EDC00/LE70350322002213EDC00_stack.gtif
2002221,LT5,/home/ceholden/Documents/landsat_stack/p035r032/images/LT50350322002221LGS01/LT50350322002221LGS01_stack.gtif
2002229,LE7,/home/ceholden/Documents/landsat_stack/p035r032/images/LE70350322002229EDC00/LE70350322002229EDC00_stack.gtif
2002237,LT5,/home/ceholden/Documents/landsat_stack/p035r032/images/LT50350322002237LGS01/LT50350322002237LGS01_stack.gtif
2002245,LE7,/home/ceholden/Documents/landsat_stack/p035r032/images/LE70350322002245EDC00/LE70350322002245EDC00_stack.gtif
2002253,LT5,/home/ceholden/Documents/landsat_stack/p035r032/images/LT50350322002253XXX01/LT50350322002253XXX01_stack.gtif
2002269,LT5,/home/ceholden/Documents/landsat_stack/p035r032/images/LT50350322002269LGS01/LT50350322002269LGS01_stack.gtif
2002285,LT5,/home/ceholden/Documents/landsat_stack/p035r032/images/LT50350322002285LGS01/LT50350322002285LGS01_stack.gtif
2002293,LE7,/home/ceholden/Documents/landsat_stack/p035r032/images/LE70350322002293EDC01/LE70350322002293EDC01_stack.gtif
2002325,LE7,/home/ceholden/Documents/landsat_stack/p035r032/images/LE70350322002325EDC00/LE70350322002325EDC00_stack.gtif
2003072,LE7,/home/ceholden/Documents/landsat_stack/p035r032/images/LE70350322003072EDC00/LE70350322003072EDC00_stack.gtif
2003104,LE7,/home/ceholden/Documents/landsat_stack/p035r032/images/LE70350322003104EDC00/LE70350322003104EDC00_stack.gtif
2003136,LE7,/home/ceholden/Documents/landsat_stack/p035r032/images/LE70350322003136EDC00/LE70350322003136EDC00_stack.gtif
2003144,LT5,/home/ceholden/Documents/landsat_stack/p035r032/images/LT50350322003144LGS01/LT50350322003144LGS01_stack.gtif
2003160,LT5,/home/ceholden/Documents/landsat_stack/p035r032/images/LT50350322003160LGS01/LT50350322003160LGS01_stack.gtif
2003176,LT5,/home/ceholden/Documents/landsat_stack/p035r032/images/LT50350322003176LGS01/LT50350322003176LGS01_stack.gtif
2003192,LT5,/home/ceholden/Documents/landsat_stack/p035r032/images/LT50350322003192PAC02/LT50350322003192PAC02_stack.gtif
2003200,LE7,/home/ceholden/Documents/landsat_stack/p035r032/images/LE70350322003200EDC01/LE70350322003200EDC01_stack.gtif
2003208,LT5,/home/ceholden/Documents/landsat_stack/p035r032/images/LT50350322003208PAC02/LT50350322003208PAC02_stack.gtif
2003216,LE7,/home/ceholden/Documents/landsat_stack/p035r032/images/LE70350322003216EDC02/LE70350322003216EDC02_stack.gtif
2003224,LT5,/home/ceholden/Documents/landsat_stack/p035r032/images/LT50350322003224PAC02/LT50350322003224PAC02_stack.gtif
2003232,LE7,/home/ceholden/Documents/landsat_stack/p035r032/images/LE70350322003232EDC01/LE70350322003232EDC01_stack.gtif
2003256,LT5,/home/ceholden/Documents/landsat_stack/p035r032/images/LT50350322003256PAC02/LT50350322003256PAC02_stack.gtif
2003264,LE7,/home/ceholden/Documents/landsat_stack/p035r032/images/LE70350322003264EDC01/LE70350322003264EDC01_stack.gtif
2003272,LT5,/home/ceholden/Documents/landsat_stack/p035r032/images/LT50350322003272PAC02/LT50350322003272PAC02_stack.gtif
2003288,LT5,/home/ceholden/Documents/landsat_stack/p035r032/images/LT50350322003288PAC02/LT50350322003288PAC02_stack.gtif
2003296,LE7,/home/ceholden/Documents/landsat_stack/p035r032/images/LE70350322003296EDC01/LE70350322003296EDC01_stack.gtif
2004091,LE7,/home/ceholden/Documents/landsat_stack/p035r032/images/LE70350322004091EDC01/LE70350322004091EDC01_stack.gtif
2004107,LE7,/home/ceholden/Documents/landsat_stack/p035r032/images/LE70350322004107EDC02/LE70350322004107EDC02_stack.gtif
2004115,LT5,/home/ceholden/Documents/landsat_stack/p035r032/images/LT50350322004115PAC02/LT50350322004115PAC02_stack.gtif
2004123,LE7,/home/ceholden/Documents/landsat_stack/p035r032/images/LE70350322004123EDC03/LE70350322004123EDC03_stack.gtif
2004131,LT5,/home/ceholden/Documents/landsat_stack/p035r032/images/LT50350322004131PAC04/LT50350322004131PAC04_stack.gtif
2004139,LE7,/home/ceholden/Documents/landsat_stack/p035r032/images/LE70350322004139EDC01/LE70350322004139EDC01_stack.gtif
2004147,LT5,/home/ceholden/Documents/landsat_stack/p035r032/images/LT50350322004147PAC04/LT50350322004147PAC04_stack.gtif
2004155,LE7,/home/ceholden/Documents/landsat_stack/p035r032/images/LE70350322004155EDC01/LE70350322004155EDC01_stack.gtif
2004163,LT5,/home/ceholden/Documents/landsat_stack/p035r032/images/LT50350322004163PAC02/LT50350322004163PAC02_stack.gtif
2004171,LE7,/home/ceholden/Documents/landsat_stack/p035r032/images/LE70350322004171EDC01/LE70350322004171EDC01_stack.gtif
2004179,LT5,/home/ceholden/Documents/landsat_stack/p035r032/images/LT50350322004179EDC00/LT50350322004179EDC00_stack.gtif
2004187,LE7,/home/ceholden/Documents/landsat_stack/p035r032/images/LE70350322004187EDC01/LE70350322004187EDC01_stack.gtif
2004195,LT5,/home/ceholden/Documents/landsat_stack/p035r032/images/LT50350322004195PAC01/LT50350322004195PAC01_stack.gtif
2004203,LE7,/home/ceholden/Documents/landsat_stack/p035r032/images/LE70350322004203EDC02/LE70350322004203EDC02_stack.gtif
2004211,LT5,/home/ceholden/Documents/landsat_stack/p035r032/images/LT50350322004211PAC01/LT50350322004211PAC01_stack.gtif
2004219,LE7,/home/ceholden/Documents/landsat_stack/p035r032/images/LE70350322004219EDC02/LE70350322004219EDC02_stack.gtif
2004227,LT5,/home/ceholden/Documents/landsat_stack/p035r032/images/LT50350322004227PAC01/LT50350322004227PAC01_stack.gtif
2004235,LE7,/home/ceholden/Documents/landsat_stack/p035r032/images/LE70350322004235EDC02/LE70350322004235EDC02_stack.gtif
2004243,LT5,/home/ceholden/Documents/landsat_stack/p035r032/images/LT50350322004243PAC01/LT50350322004243PAC01_stack.gtif
2004251,LE7,/home/ceholden/Documents/landsat_stack/p035r032/images/LE70350322004251EDC02/LE70350322004251EDC02_stack.gtif
2004259,LT5,/home/ceholden/Documents/landsat_stack/p035r032/images/LT50350322004259PAC01/LT50350322004259PAC01_stack.gtif
2004283,LE7,/home/ceholden/Documents/landsat_stack/p035r032/images/LE70350322004283EDC02/LE70350322004283EDC02_stack.gtif
2004307,LT5,/home/ceholden/Documents/landsat_stack/p035r032/images/LT50350322004307PAC01/LT50350322004307PAC01_stack.gtif
2004323,LT5,/home/ceholden/Documents/landsat_stack/p035r032/images/LT50350322004323PAC01/LT50350322004323PAC01_stack.gtif
2005069,LT5,/home/ceholden/Documents/landsat_stack/p035r032/images/LT50350322005069PAC01/LT50350322005069PAC01_stack.gtif
2005093,LE7,/home/ceholden/Documents/landsat_stack/p035r032/images/LE70350322005093EDC00/LE70350322005093EDC00_stack.gtif
2005109,LE7,/home/ceholden/Documents/landsat_stack/p035r032/images/LE70350322005109EDC00/LE70350322005109EDC00_stack.gtif
2005141,LE7,/home/ceholden/Documents/landsat_stack/p035r032/images/LE70350322005141EDC00/LE70350322005141EDC00_stack.gtif
2005149,LT5,/home/ceholden/Documents/landsat_stack/p035r032/images/LT50350322005149PAC02/LT50350322005149PAC02_stack.gtif
2005157,LE7,/home/ceholden/Documents/landsat_stack/p035r032/images/LE70350322005157EDC00/LE70350322005157EDC00_stack.gtif
2005165,LT5,/home/ceholden/Documents/landsat_stack/p035r032/images/LT50350322005165PAC01/LT50350322005165PAC01_stack.gtif
2005173,LE7,/home/ceholden/Documents/landsat_stack/p035r032/images/LE70350322005173EDC00/LE70350322005173EDC00_stack.gtif
2005181,LT5,/home/ceholden/Documents/landsat_stack/p035r032/images/LT50350322005181PAC01/LT50350322005181PAC01_stack.gtif
2005189,LE7,/home/ceholden/Documents/landsat_stack/p035r032/images/LE70350322005189EDC00/LE70350322005189EDC00_stack.gtif
2005197,LT5,/home/ceholden/Documents/landsat_stack/p035r032/images/LT50350322005197PAC01/LT50350322005197PAC01_stack.gtif
2005213,LT5,/home/ceholden/Documents/landsat_stack/p035r032/images/LT50350322005213PAC01/LT50350322005213PAC01_stack.gtif
2005221,LE7,/home/ceholden/Documents/landsat_stack/p035r032/images/LE70350322005221EDC00/LE70350322005221EDC00_stack.gtif
2005229,LT5,/home/ceholden/Documents/landsat_stack/p035r032/images/LT50350322005229PAC01/LT50350322005229PAC01_stack.gtif
2005237,LE7,/home/ceholden/Documents/landsat_stack/p035r032/images/LE70350322005237EDC00/LE70350322005237EDC00_stack.gtif
2005245,LT5,/home/ceholden/Documents/landsat_stack/p035r032/images/LT50350322005245PAC01/LT50350322005245PAC01_stack.gtif
2005253,LE7,/home/ceholden/Documents/landsat_stack/p035r032/images/LE70350322005253EDC00/LE70350322005253EDC00_stack.gtif
2005261,LT5,/home/ceholden/Documents/landsat_stack/p035r032/images/LT50350322005261PAC01/LT50350322005261PAC01_stack.gtif
2005269,LE7,/home/ceholden/Documents/landsat_stack/p035r032/images/LE70350322005269EDC00/LE70350322005269EDC00_stack.gtif
2005285,LE7,/home/ceholden/Documents/landsat_stack/p035r032/images/LE70350322005285EDC00/LE70350322005285EDC00_stack.gtif
2006064,LE7,/home/ceholden/Documents/landsat_stack/p035r032/images/LE70350322006064EDC00/LE70350322006064EDC00_stack.gtif
2006104,LT5,/home/ceholden/Documents/landsat_stack/p035r032/images/LT50350322006104PAC01/LT50350322006104PAC01_stack.gtif
2006112,LE7,/home/ceholden/Documents/landsat_stack/p035r032/images/LE70350322006112EDC00/LE70350322006112EDC00_stack.gtif
2006128,LE7,/home/ceholden/Documents/landsat_stack/p035r032/images/LE70350322006128EDC00/LE70350322006128EDC00_stack.gtif
2006136,LT5,/home/ceholden/Documents/landsat_stack/p035r032/images/LT50350322006136PAC01/LT50350322006136PAC01_stack.gtif
2006144,LE7,/home/ceholden/Documents/landsat_stack/p035r032/images/LE70350322006144EDC01/LE70350322006144EDC01_stack.gtif
2006152,LT5,/home/ceholden/Documents/landsat_stack/p035r032/images/LT50350322006152PAC01/LT50350322006152PAC01_stack.gtif
2006160,LE7,/home/ceholden/Documents/landsat_stack/p035r032/images/LE70350322006160EDC00/LE70350322006160EDC00_stack.gtif
2006168,LT5,/home/ceholden/Documents/landsat_stack/p035r032/images/LT50350322006168PAC01/LT50350322006168PAC01_stack.gtif
2006176,LE7,/home/ceholden/Documents/landsat_stack/p035r032/images/LE70350322006176EDC00/LE70350322006176EDC00_stack.gtif
2006184,LT5,/home/ceholden/Documents/landsat_stack/p035r032/images/LT50350322006184PAC01/LT50350322006184PAC01_stack.gtif
2006192,LE7,/home/ceholden/Documents/landsat_stack/p035r032/images/LE70350322006192EDC00/LE70350322006192EDC00_stack.gtif
2006200,LT5,/home/ceholden/Documents/landsat_stack/p035r032/images/LT50350322006200PAC01/LT50350322006200PAC01_stack.gtif
2006208,LE7,/home/ceholden/Documents/landsat_stack/p035r032/images/LE70350322006208EDC00/LE70350322006208EDC00_stack.gtif
2006216,LT5,/home/ceholden/Documents/landsat_stack/p035r032/images/LT50350322006216PAC01/LT50350322006216PAC01_stack.gtif
2006232,LT5,/home/ceholden/Documents/landsat_stack/p035r032/images/LT50350322006232PAC01/LT50350322006232PAC01_stack.gtif
2006240,LE7,/home/ceholden/Documents/landsat_stack/p035r032/images/LE70350322006240EDC00/LE70350322006240EDC00_stack.gtif
2006248,LT5,/home/ceholden/Documents/landsat_stack/p035r032/images/LT50350322006248PAC01/LT50350322006248PAC01_stack.gtif
2006256,LE7,/home/ceholden/Documents/landsat_stack/p035r032/images/LE70350322006256EDC00/LE70350322006256EDC00_stack.gtif
2006272,LE7,/home/ceholden/Documents/landsat_stack/p035r032/images/LE70350322006272EDC00/LE70350322006272EDC00_stack.gtif
2006280,LT5,/home/ceholden/Documents/landsat_stack/p035r032/images/LT50350322006280PAC01/LT50350322006280PAC01_stack.gtif
2006288,LE7,/home/ceholden/Documents/landsat_stack/p035r032/images/LE70350322006288EDC00/LE70350322006288EDC00_stack.gtif
2006296,LT5,/home/ceholden/Documents/landsat_stack/p035r032/images/LT50350322006296PAC01/LT50350322006296PAC01_stack.gtif
2006304,LE7,/home/ceholden/Documents/landsat_stack/p035r032/images/LE70350322006304EDC00/LE70350322006304EDC00_stack.gtif
2006312,LT5,/home/ceholden/Documents/landsat_stack/p035r032/images/LT50350322006312PAC01/LT50350322006312PAC01_stack.gtif
2006328,LT5,/home/ceholden/Documents/landsat_stack/p035r032/images/LT50350322006328PAC01/LT50350322006328PAC01_stack.gtif
2007091,LT5,/home/ceholden/Documents/landsat_stack/p035r032/images/LT50350322007091PAC01/LT50350322007091PAC01_stack.gtif
2007099,LE7,/home/ceholden/Documents/landsat_stack/p035r032/images/LE70350322007099EDC00/LE70350322007099EDC00_stack.gtif
2007115,LE7,/home/ceholden/Documents/landsat_stack/p035r032/images/LE70350322007115EDC00/LE70350322007115EDC00_stack.gtif
2007123,LT5,/home/ceholden/Documents/landsat_stack/p035r032/images/LT50350322007123PAC01/LT50350322007123PAC01_stack.gtif
2007131,LE7,/home/ceholden/Documents/landsat_stack/p035r032/images/LE70350322007131EDC00/LE70350322007131EDC00_stack.gtif
2007139,LT5,/home/ceholden/Documents/landsat_stack/p035r032/images/LT50350322007139PAC01/LT50350322007139PAC01_stack.gtif
2007147,LE7,/home/ceholden/Documents/landsat_stack/p035r032/images/LE70350322007147EDC00/LE70350322007147EDC00_stack.gtif
2007171,LT5,/home/ceholden/Documents/landsat_stack/p035r032/images/LT50350322007171PAC01/LT50350322007171PAC01_stack.gtif
2007179,LE7,/home/ceholden/Documents/landsat_stack/p035r032/images/LE70350322007179EDC00/LE70350322007179EDC00_stack.gtif
2007187,LT5,/home/ceholden/Documents/landsat_stack/p035r032/images/LT50350322007187PAC01/LT50350322007187PAC01_stack.gtif
2007195,LE7,/home/ceholden/Documents/landsat_stack/p035r032/images/LE70350322007195EDC00/LE70350322007195EDC00_stack.gtif
2007203,LT5,/home/ceholden/Documents/landsat_stack/p035r032/images/LT50350322007203PAC01/LT50350322007203PAC01_stack.gtif
2007211,LE7,/home/ceholden/Documents/landsat_stack/p035r032/images/LE70350322007211EDC00/LE70350322007211EDC00_stack.gtif
2007219,LT5,/home/ceholden/Documents/landsat_stack/p035r032/images/LT50350322007219PAC01/LT50350322007219PAC01_stack.gtif
2007227,LE7,/home/ceholden/Documents/landsat_stack/p035r032/images/LE70350322007227EDC00/LE70350322007227EDC00_stack.gtif
2007235,LT5,/home/ceholden/Documents/landsat_stack/p035r032/images/LT50350322007235PAC01/LT50350322007235PAC01_stack.gtif
2007243,LE7,/home/ceholden/Documents/landsat_stack/p035r032/images/LE70350322007243EDC00/LE70350322007243EDC00_stack.gtif
2007251,LT5,/home/ceholden/Documents/landsat_stack/p035r032/images/LT50350322007251PAC01/LT50350322007251PAC01_stack.gtif
2007307,LE7,/home/ceholden/Documents/landsat_stack/p035r032/images/LE70350322007307EDC00/LE70350322007307EDC00_stack.gtif
2007323,LE7,/home/ceholden/Documents/landsat_stack/p035r032/images/LE70350322007323EDC00/LE70350322007323EDC00_stack.gtif
2008110,LT5,/home/ceholden/Documents/landsat_stack/p035r032/images/LT50350322008110PAC01/LT50350322008110PAC01_stack.gtif
2008118,LE7,/home/ceholden/Documents/landsat_stack/p035r032/images/LE70350322008118EDC00/LE70350322008118EDC00_stack.gtif
2008126,LT5,/home/ceholden/Documents/landsat_stack/p035r032/images/LT50350322008126PAC01/LT50350322008126PAC01_stack.gtif
2008142,LT5,/home/ceholden/Documents/landsat_stack/p035r032/images/LT50350322008142PAC01/LT50350322008142PAC01_stack.gtif
2008150,LE7,/home/ceholden/Documents/landsat_stack/p035r032/images/LE70350322008150EDC00/LE70350322008150EDC00_stack.gtif
2008158,LT5,/home/ceholden/Documents/landsat_stack/p035r032/images/LT50350322008158PAC01/LT50350322008158PAC01_stack.gtif
2008166,LE7,/home/ceholden/Documents/landsat_stack/p035r032/images/LE70350322008166EDC00/LE70350322008166EDC00_stack.gtif
2008174,LT5,/home/ceholden/Documents/landsat_stack/p035r032/images/LT50350322008174PAC01/LT50350322008174PAC01_stack.gtif
2008182,LE7,/home/ceholden/Documents/landsat_stack/p035r032/images/LE70350322008182EDC00/LE70350322008182EDC00_stack.gtif
2008190,LT5,/home/ceholden/Documents/landsat_stack/p035r032/images/LT50350322008190PAC01/LT50350322008190PAC01_stack.gtif
2008198,LE7,/home/ceholden/Documents/landsat_stack/p035r032/images/LE70350322008198EDC00/LE70350322008198EDC00_stack.gtif
2008206,LT5,/home/ceholden/Documents/landsat_stack/p035r032/images/LT50350322008206PAC01/LT50350322008206PAC01_stack.gtif
2008214,LE7,/home/ceholden/Documents/landsat_stack/p035r032/images/LE70350322008214EDC00/LE70350322008214EDC00_stack.gtif
2008222,LT5,/home/ceholden/Documents/landsat_stack/p035r032/images/LT50350322008222PAC01/LT50350322008222PAC01_stack.gtif
2008230,LE7,/home/ceholden/Documents/landsat_stack/p035r032/images/LE70350322008230EDC00/LE70350322008230EDC00_stack.gtif
2008238,LT5,/home/ceholden/Documents/landsat_stack/p035r032/images/LT50350322008238PAC01/LT50350322008238PAC01_stack.gtif
2008246,LE7,/home/ceholden/Documents/landsat_stack/p035r032/images/LE70350322008246EDC00/LE70350322008246EDC00_stack.gtif
2008262,LE7,/home/ceholden/Documents/landsat_stack/p035r032/images/LE70350322008262EDC00/LE70350322008262EDC00_stack.gtif
2008270,LT5,/home/ceholden/Documents/landsat_stack/p035r032/images/LT50350322008270PAC01/LT50350322008270PAC01_stack.gtif
2008286,LT5,/home/ceholden/Documents/landsat_stack/p035r032/images/LT50350322008286PAC01/LT50350322008286PAC01_stack.gtif
2008302,LT5,/home/ceholden/Documents/landsat_stack/p035r032/images/LT50350322008302PAC01/LT50350322008302PAC01_stack.gtif
2008326,LE7,/home/ceholden/Documents/landsat_stack/p035r032/images/LE70350322008326EDC00/LE70350322008326EDC00_stack.gtif
2008342,LE7,/home/ceholden/Documents/landsat_stack/p035r032/images/LE70350322008342EDC00/LE70350322008342EDC00_stack.gtif
2009072,LE7,/home/ceholden/Documents/landsat_stack/p035r032/images/LE70350322009072EDC00/LE70350322009072EDC00_stack.gtif
2009088,LE7,/home/ceholden/Documents/landsat_stack/p035r032/images/LE70350322009088EDC00/LE70350322009088EDC00_stack.gtif
2009112,LT5,/home/ceholden/Documents/landsat_stack/p035r032/images/LT50350322009112PAC01/LT50350322009112PAC01_stack.gtif
2009120,LE7,/home/ceholden/Documents/landsat_stack/p035r032/images/LE70350322009120EDC00/LE70350322009120EDC00_stack.gtif
2009128,LT5,/home/ceholden/Documents/landsat_stack/p035r032/images/LT50350322009128PAC01/LT50350322009128PAC01_stack.gtif
2009136,LE7,/home/ceholden/Documents/landsat_stack/p035r032/images/LE70350322009136EDC00/LE70350322009136EDC00_stack.gtif
2009160,LT5,/home/ceholden/Documents/landsat_stack/p035r032/images/LT50350322009160PAC01/LT50350322009160PAC01_stack.gtif
2009176,LT5,/home/ceholden/Documents/landsat_stack/p035r032/images/LT50350322009176PAC01/LT50350322009176PAC01_stack.gtif
2009184,LE7,/home/ceholden/Documents/landsat_stack/p035r032/images/LE70350322009184EDC00/LE70350322009184EDC00_stack.gtif
2009192,LT5,/home/ceholden/Documents/landsat_stack/p035r032/images/LT50350322009192PAC01/LT50350322009192PAC01_stack.gtif
2009200,LE7,/home/ceholden/Documents/landsat_stack/p035r032/images/LE70350322009200EDC00/LE70350322009200EDC00_stack.gtif
2009208,LT5,/home/ceholden/Documents/landsat_stack/p035r032/images/LT50350322009208PAC01/LT50350322009208PAC01_stack.gtif
2009216,LE7,/home/ceholden/Documents/landsat_stack/p035r032/images/LE70350322009216EDC00/LE70350322009216EDC00_stack.gtif
2009224,LT5,/home/ceholden/Documents/landsat_stack/p035r032/images/LT50350322009224PAC01/LT50350322009224PAC01_stack.gtif
2009232,LE7,/home/ceholden/Documents/landsat_stack/p035r032/images/LE70350322009232EDC00/LE70350322009232EDC00_stack.gtif
2009240,LT5,/home/ceholden/Documents/landsat_stack/p035r032/images/LT50350322009240PAC02/LT50350322009240PAC02_stack.gtif
2009248,LE7,/home/ceholden/Documents/landsat_stack/p035r032/images/LE70350322009248EDC00/LE70350322009248EDC00_stack.gtif
2009256,LT5,/home/ceholden/Documents/landsat_stack/p035r032/images/LT50350322009256PAC01/LT50350322009256PAC01_stack.gtif
2009272,LT5,/home/ceholden/Documents/landsat_stack/p035r032/images/LT50350322009272PAC01/LT50350322009272PAC01_stack.gtif
2009288,LT5,/home/ceholden/Documents/landsat_stack/p035r032/images/LT50350322009288PAC01/LT50350322009288PAC01_stack.gtif
2009296,LE7,/home/ceholden/Documents/landsat_stack/p035r032/images/LE70350322009296EDC00/LE70350322009296EDC00_stack.gtif
2009312,LE7,/home/ceholden/Documents/landsat_stack/p035r032/images/LE70350322009312EDC00/LE70350322009312EDC00_stack.gtif
2010099,LT5,/home/ceholden/Documents/landsat_stack/p035r032/images/LT50350322010099PAC01/LT50350322010099PAC01_stack.gtif
2010147,LT5,/home/ceholden/Documents/landsat_stack/p035r032/images/LT50350322010147PAC01/LT50350322010147PAC01_stack.gtif
2010155,LE7,/home/ceholden/Documents/landsat_stack/p035r032/images/LE70350322010155EDC00/LE70350322010155EDC00_stack.gtif
2010171,LE7,/home/ceholden/Documents/landsat_stack/p035r032/images/LE70350322010171EDC00/LE70350322010171EDC00_stack.gtif
2010179,LT5,/home/ceholden/Documents/landsat_stack/p035r032/images/LT50350322010179EDC00/LT50350322010179EDC00_stack.gtif
2010187,LE7,/home/ceholden/Documents/landsat_stack/p035r032/images/LE70350322010187EDC01/LE70350322010187EDC01_stack.gtif
2010195,LT5,/home/ceholden/Documents/landsat_stack/p035r032/images/LT50350322010195EDC00/LT50350322010195EDC00_stack.gtif
2010203,LE7,/home/ceholden/Documents/landsat_stack/p035r032/images/LE70350322010203EDC00/LE70350322010203EDC00_stack.gtif
2010211,LT5,/home/ceholden/Documents/landsat_stack/p035r032/images/LT50350322010211EDC00/LT50350322010211EDC00_stack.gtif
2010219,LE7,/home/ceholden/Documents/landsat_stack/p035r032/images/LE70350322010219EDC03/LE70350322010219EDC03_stack.gtif
2010227,LT5,/home/ceholden/Documents/landsat_stack/p035r032/images/LT50350322010227EDC00/LT50350322010227EDC00_stack.gtif
2010235,LE7,/home/ceholden/Documents/landsat_stack/p035r032/images/LE70350322010235EDC00/LE70350322010235EDC00_stack.gtif
2010243,LT5,/home/ceholden/Documents/landsat_stack/p035r032/images/LT50350322010243EDC00/LT50350322010243EDC00_stack.gtif
2010259,LT5,/home/ceholden/Documents/landsat_stack/p035r032/images/LT50350322010259PAC02/LT50350322010259PAC02_stack.gtif
2010267,LE7,/home/ceholden/Documents/landsat_stack/p035r032/images/LE70350322010267EDC00/LE70350322010267EDC00_stack.gtif
2010275,LT5,/home/ceholden/Documents/landsat_stack/p035r032/images/LT50350322010275PAC01/LT50350322010275PAC01_stack.gtif
2010283,LE7,/home/ceholden/Documents/landsat_stack/p035r032/images/LE70350322010283EDC00/LE70350322010283EDC00_stack.gtif
2010307,LT5,/home/ceholden/Documents/landsat_stack/p035r032/images/LT50350322010307EDC00/LT50350322010307EDC00_stack.gtif
2011110,LE7,/home/ceholden/Documents/landsat_stack/p035r032/images/LE70350322011110EDC00/LE70350322011110EDC00_stack.gtif
2011118,LT5,/home/ceholden/Documents/landsat_stack/p035r032/images/LT50350322011118PAC01/LT50350322011118PAC01_stack.gtif
2011134,LT5,/home/ceholden/Documents/landsat_stack/p035r032/images/LT50350322011134PAC01/LT50350322011134PAC01_stack.gtif
2011142,LE7,/home/ceholden/Documents/landsat_stack/p035r032/images/LE70350322011142EDC00/LE70350322011142EDC00_stack.gtif
2011158,LE7,/home/ceholden/Documents/landsat_stack/p035r032/images/LE70350322011158EDC00/LE70350322011158EDC00_stack.gtif
2011166,LT5,/home/ceholden/Documents/landsat_stack/p035r032/images/LT50350322011166PAC01/LT50350322011166PAC01_stack.gtif
2011174,LE7,/home/ceholden/Documents/landsat_stack/p035r032/images/LE70350322011174EDC00/LE70350322011174EDC00_stack.gtif
2011182,LT5,/home/ceholden/Documents/landsat_stack/p035r032/images/LT50350322011182PAC01/LT50350322011182PAC01_stack.gtif
2011190,LE7,/home/ceholden/Documents/landsat_stack/p035r032/images/LE70350322011190EDC00/LE70350322011190EDC00_stack.gtif
2011198,LT5,/home/ceholden/Documents/landsat_stack/p035r032/images/LT50350322011198PAC01/LT50350322011198PAC01_stack.gtif
2011206,LE7,/home/ceholden/Documents/landsat_stack/p035r032/images/LE70350322011206EDC00/LE70350322011206EDC00_stack.gtif
2011214,LT5,/home/ceholden/Documents/landsat_stack/p035r032/images/LT50350322011214PAC01/LT50350322011214PAC01_stack.gtif
2011222,LE7,/home/ceholden/Documents/landsat_stack/p035r032/images/LE70350322011222EDC00/LE70350322011222EDC00_stack.gtif
2011230,LT5,/home/ceholden/Documents/landsat_stack/p035r032/images/LT50350322011230PAC01/LT50350322011230PAC01_stack.gtif
2011238,LE7,/home/ceholden/Documents/landsat_stack/p035r032/images/LE70350322011238EDC00/LE70350322011238EDC00_stack.gtif
2011246,LT5,/home/ceholden/Documents/landsat_stack/p035r032/images/LT50350322011246PAC01/LT50350322011246PAC01_stack.gtif
2011254,LE7,/home/ceholden/Documents/landsat_stack/p035r032/images/LE70350322011254EDC00/LE70350322011254EDC00_stack.gtif
2011262,LT5,/home/ceholden/Documents/landsat_stack/p035r032/images/LT50350322011262PAC01/LT50350322011262PAC01_stack.gtif
2011270,LE7,/home/ceholden/Documents/landsat_stack/p035r032/images/LE70350322011270EDC00/LE70350322011270EDC00_stack.gtif
2011278,LT5,/home/ceholden/Documents/landsat_stack/p035r032/images/LT50350322011278PAC01/LT50350322011278PAC01_stack.gtif
2011286,LE7,/home/ceholden/Documents/landsat_stack/p035r032/images/LE70350322011286EDC00/LE70350322011286EDC00_stack.gtif
2011294,LT5,/home/ceholden/Documents/landsat_stack/p035r032/images/LT50350322011294PAC01/LT50350322011294PAC01_stack.gtif
2012081,LE7,/home/ceholden/Documents/landsat_stack/p035r032/images/LE70350322012081EDC00/LE70350322012081EDC00_stack.gtif
2012097,LE7,/home/ceholden/Documents/landsat_stack/p035r032/images/LE70350322012097EDC00/LE70350322012097EDC00_stack.gtif
2012113,LE7,/home/ceholden/Documents/landsat_stack/p035r032/images/LE70350322012113EDC00/LE70350322012113EDC00_stack.gtif
2012129,LE7,/home/ceholden/Documents/landsat_stack/p035r032/images/LE70350322012129EDC00/LE70350322012129EDC00_stack.gtif
2012145,LE7,/home/ceholden/Documents/landsat_stack/p035r032/images/LE70350322012145EDC00/LE70350322012145EDC00_stack.gtif
2012161,LE7,/home/ceholden/Documents/landsat_stack/p035r032/images/LE70350322012161EDC00/LE70350322012161EDC00_stack.gtif
2012177,LE7,/home/ceholden/Documents/landsat_stack/p035r032/images/LE70350322012177EDC00/LE70350322012177EDC00_stack.gtif
2012193,LE7,/home/ceholden/Documents/landsat_stack/p035r032/images/LE70350322012193EDC00/LE70350322012193EDC00_stack.gtif
2012209,LE7,/home/ceholden/Documents/landsat_stack/p035r032/images/LE70350322012209EDC00/LE70350322012209EDC00_stack.gtif
2012225,LE7,/home/ceholden/Documents/landsat_stack/p035r032/images/LE70350322012225EDC00/LE70350322012225EDC00_stack.gtif
2012241,LE7,/home/ceholden/Documents/landsat_stack/p035r032/images/LE70350322012241EDC00/LE70350322012241EDC00_stack.gtif
2012257,LE7,/home/ceholden/Documents/landsat_stack/p035r032/images/LE70350322012257EDC01/LE70350322012257EDC01_stack.gtif
2012273,LE7,/home/ceholden/Documents/landsat_stack/p035r032/images/LE70350322012273EDC00/LE70350322012273EDC00_stack.gtif
2012289,LE7,/home/ceholden/Documents/landsat_stack/p035r032/images/LE70350322012289EDC00/LE70350322012289EDC00_stack.gtif
2012305,LE7,/home/ceholden/Documents/landsat_stack/p035r032/images/LE70350322012305EDC00/LE70350322012305EDC00_stack.gtif
2012321,LE7,/home/ceholden/Documents/landsat_stack/p035r032/images/LE70350322012321EDC00/LE70350322012321EDC00_stack.gtif
2012337,LE7,/home/ceholden/Documents/landsat_stack/p035r032/images/LE70350322012337EDC00/LE70350322012337EDC00_stack.gtif
2013115,LE7,/home/ceholden/Documents/landsat_stack/p035r032/images/LE70350322013115EDC00/LE70350322013115EDC00_stack.gtif
2013131,LE7,/home/ceholden/Documents/landsat_stack/p035r032/images/LE70350322013131EDC00/LE70350322013131EDC00_stack.gtif
2013147,LE7,/home/ceholden/Documents/landsat_stack/p035r032/images/LE70350322013147EDC00/LE70350322013147EDC00_stack.gtif
